name,Regression_Owner
cdp.hades.new_zk_partition.test_new_zk_partition.TestNewZkPartition.test_new_zk_partition_with_ei,Swapnil
cdp.pithos.config_change_tests.pithos_integrity.test_pithos_integrity_v2.PithosIntegrityTestV2.test_ring_change_with_pithos_integrity___self_healing_due_to_repeated_restarts_acting_drc_crash_test,Swapnil
cassandra_medusa.healthy_node_removal.io_integrity.test_healthy_node_removal_with_io_integrity.HealthyNodeRemovalTest.test_healthy_node_removal___unhealthy_node_removal,Swapnil
cdp.stargate.power_cycling.test_io_integrity_power_cycling.PowerCyclingIOIntegrityTest.test_io_integrity___node_power_cycle,Swapnil
cdp.blockstore.xmount.test_xmount_basic.XmountBasicTest.test_xmount_basic,Swapnil
cassandra_medusa.config_change_tests.io_integrity.test_rf_transition_while_nodes_outside_ring_with_io_integrity.RFTransitionWhileNodesOutsideRingWithIOIntegrityTest.test_rf_transition_while_nodes_outside_ring_with_io_integrity,Swapnil
cdp.hades.disk_api_tests.test_disk_v4_api.TestDiskV4API.test_random_api_when_hades_is_down,Swapnil
cdp.hades.disk_api_tests.test_disk_v4_api.TestDiskV4API.test_disk_repartition_add_zeus_api,Swapnil
cdp.hades.all_nvme_support.test_all_nvme_support.TestAllNvmeSupport.test_disk_remove_add,Swapnil
cdp.hades.bad_disk_tests.test_bad_disk_workflows.BadDiskWorkflowTest.test_stargate_offline_disk___nvme_serviceability,Swapnil
cdp.zookeeper.zk_leadership_blueprint.test_zk_leadership_blueprint.ZookeeperReactiveApproach.test_skew_correctness,Swapnil
cdp.zookeeper.zk_leadership_blueprint.test_zk_leadership_blueprint.ZookeeperReactiveApproach.test_relinquish_op,Swapnil
cdp.zookeeper.zk_leadership_blueprint.test_zk_leadership_blueprint.ZookeeperBlueprintTests~~~ReactiveApproach.test_leadership_distribution_on_host_removal,Swapnil
cdp.zookeeper.zk_leadership_blueprint.test_zk_leadership_blueprint.ZookeeperBlueprintTests~~~ReactiveApproach.test_leadership_distribution,Swapnil
cdp.zookeeper.zk_leadership_blueprint.test_zk_leadership_blueprint.ZookeeperBlueprintTests.test_leadership_distribution_on_node_removal_add,Swapnil
cdp.stargate.power_cycling.test_io_integrity_power_cycling.PowerCyclingIOIntegrityTest~~~NVMe-TCP.test_io_integrity___node_power_cycle,Swapnil
cassandra_medusa.error_injection_tests.io_integrity.test_error_injection_with_io_integrity.ErrorInjectionWithIOIntegrity.test_error_injection_with_io_integrity___unplanned_node_down_test,Swapnil
cassandra_medusa.error_injection_tests.io_integrity.test_error_injection_with_io_integrity.ErrorInjectionWithIOIntegrity.test_error_injection_with_io_integrity___serial_one_disk_one_node_down_test,Swapnil
cassandra_medusa.error_injection_tests.io_integrity.test_error_injection_with_io_integrity.ErrorInjectionWithIOIntegrity.test_error_injection_with_io_integrity___serial_one_disk_node_down_test,Swapnil
cassandra_medusa.error_injection_tests.io_integrity.test_error_injection_with_io_integrity.ErrorInjectionWithIOIntegrity.test_error_injection_with_io_integrity___planned_node_down_test,Swapnil
cassandra_medusa.error_injection_tests.io_integrity.test_error_injection_with_io_integrity.ErrorInjectionWithIOIntegrity.test_error_injection_with_io_integrity___disk_offline_test,Swapnil
cassandra_medusa.error_injection_tests.io_integrity.test_error_injection_with_io_integrity.ErrorInjectionWithIOIntegrity.test_error_injection_with_io_integrity___concurrent_one_disk_one_node_down_test,Swapnil
cassandra_medusa.error_injection_tests.io_integrity.test_error_injection_with_io_integrity.ErrorInjectionWithIOIntegrity.test_error_injection_with_io_integrity___component_error_injection___1n1d_cft,Swapnil
cdp.pithos.key_distribution_tests.test_key_distribution_v2.KeyDistributionWithPithosIntegrityV2.test_verify_key_distribution_existing_vdisks___svm_reboot,Swapnil
cdp.zookeeper.zk_migration.test_zk_migration.ZookeeperMigrationTestWithIOintegrity.test_io_integrity___with_zk_migration_random,Swapnil
cdp.stargate.power_cycling.test_io_integrity_power_cycling.PowerCyclingIOIntegrityTest~~~Blockstore_SPDK.test_io_integrity___node_power_cycle,Swapnil
cassandra_medusa.config_change_tests.io_integrity.test_ring_change_with_io_integrity.RingChangeWithIOIntegrityTest.test_ring_change_with_io_integrity___unhealthy_rapid_attach_detach,Swapnil
cassandra_medusa.config_change_tests.io_integrity.test_ring_change_with_io_integrity.RingChangeWithIOIntegrityTest.test_ring_change_with_io_integrity___self_healing_due_to_induced_sstable_corruption,Swapnil
cassandra_medusa.config_change_tests.io_integrity.test_ring_change_with_io_integrity.RingChangeWithIOIntegrityTest.test_ring_change_with_io_integrity___self_healing_due_induced_commitlog_corruption,Swapnil
cassandra_medusa.config_change_tests.io_integrity.test_ring_change_with_io_integrity.RingChangeWithIOIntegrityTest.test_ring_change_with_io_integrity___corrupt_sstable_on_each_node_mr_improvement,Swapnil
cassandra_medusa.config_change_tests.io_integrity.test_ring_change_with_io_integrity.RingChangeWithIOIntegrityTest.test_ring_change_with_io_integrity___self_healing_due_to_induced_sstable_corruption_mr_improvement,Swapnil
cassandra_medusa.config_change_tests.io_integrity.test_ring_change_with_io_integrity.RingChangeWithIOIntegrityTest.test_ring_change_with_io_integrity___self_healing_due_to_corrupt_sstable_and_commit_log_mr_improvement,Swapnil
cdp.zookeeper.zk_migration.test_zk_migration.ZookeeperMigrationTest.test_zk_migration_destination_zk_monitor_died,Swapnil
cdp.zookeeper.zk_migration.test_zk_migration.ZookeeperMigrationTest.test_zk_migration_source_zk_monitor_died,Swapnil
cassandra_medusa.error_injection_tests.degraded_node_tests.io_integrity.test_degraded_node_with_io_integrity.DegradedNodeWithIOIntegrity.test_degraded_node_with_io_integrity___degraded_node_with_maintenance_mode_test,Swapnil
cassandra_medusa.config_change_tests.io_integrity.test_metadatadisk_replacement_with_io_integrity.MetadataDiskreplacementWithIOIntegrityTest.test_metadata_disk_replacement_with_io_integrity___two_metadata_disk_replacement,Swapnil
cassandra_medusa.config_change_tests.io_integrity.test_metadatadisk_replacement_with_io_integrity.MetadataDiskreplacementWithIOIntegrityTest.test_metadata_disk_replacement_with_io_integrity___metadata_disk_replacement_on_detached_node_test,Swapnil
cassandra_medusa.config_change_tests.io_integrity.test_metadatadisk_replacement_with_io_integrity.MetadataDiskreplacementWithIOIntegrityTest.test_metadata_disk_replacement_with_io_integrity___planned_metadata_disk_replacement_with_acting_drc_crash,Swapnil
cassandra_medusa.config_change_tests.test_remove_node_planned_metadata_disk_replacement_test.TestRemoveNodeMetadataDiskRemovalTest.test_remove_node_metadata_disk_removal_test,Swapnil
cassandra_medusa.config_change_tests.io_integrity.test_metadatadisk_replacement_with_io_integrity.MetadataDiskreplacementWithIOIntegrityTest.test_metadata_disk_replacement_with_io_integrity___planned_metadata_disk_replacement_with_replica_ei,Swapnil
cassandra_medusa.config_change_tests.io_integrity.test_metadatadisk_replacement_with_io_integrity.MetadataDiskreplacementWithIOIntegrityTest.test_metadata_disk_replacement_with_io_integrity___metadata_disk_removal_abort_test,Swapnil
cassandra_medusa.config_change_tests.io_integrity.test_metadatadisk_replacement_with_io_integrity.MetadataDiskreplacementWithIOIntegrityTest.test_metadata_disk_replacement_with_io_integrity___detach_node_planned_metadata_disk_replacement_test,Swapnil
cassandra_medusa.config_change_tests.io_integrity.test_metadatadisk_replacement_with_io_integrity.MetadataDiskreplacementWithIOIntegrityTest.test_metadata_disk_replacement_with_io_integrity___all_metadata_disk_serial_replacement,Swapnil
cassandra_medusa.config_change_tests.io_integrity.test_metadatadisk_replacement_with_io_integrity.MetadataDiskreplacementWithIOIntegrityTest.test_metadata_disk_replacement_with_io_integrity___all_ssd_serial_removal_test,Swapnil
cassandra_medusa.config_change_tests.io_integrity.test_metadatadisk_replacement_with_io_integrity.MetadataDiskreplacementWithIOIntegrityTest.test_metadata_disk_replacement_with_io_integrity___all_ssd_removal_test,Swapnil
cassandra_medusa.error_injection_tests.degraded_node_tests.io_integrity.test_degraded_node_with_io_integrity.DegradedNodeWithIOIntegrity.test_degraded_node_with_io_integrity___degraded_node_revoke_leadership_action_test,Swapnil
cassandra_medusa.error_injection_tests.degraded_node_tests.io_integrity.test_degraded_node_with_io_integrity.DegradedNodeWithIOIntegrity.test_degraded_node_with_io_integrity___degraded_node_on_zk_leader_test,Swapnil
cassandra_medusa.error_injection_tests.degraded_node_tests.io_integrity.test_degraded_node_with_io_integrity.DegradedNodeWithIOIntegrity.test_degraded_node_with_io_integrity___degraded_node_on_nfs_master_test,Swapnil
cassandra_medusa.delta_scan_tests.io_integrity.test_leadership_scan_with_io_integrity.LeadershipDeltaScanWithIOIntegrityTest.test_leadership_delta_scan_with_io_integrity___leadership_scan_with_all_ssds_removed_test,Swapnil
cassandra_medusa.error_injection_tests.degraded_node_tests.io_integrity.test_degraded_node_with_io_integrity.DegradedNodeWithIOIntegrity.test_degraded_node_with_io_integrity___degraded_node_due_to_cvm_hung,Swapnil
cassandra_medusa.config_change_tests.io_integrity.test_ring_change_with_io_integrity.RingChangeWithIOIntegrityTest.test_ring_change_with_io_integrity___local_comps_down_during_node_attach,Swapnil
cassandra_medusa.config_change_tests.io_integrity.test_ring_change_with_io_integrity.RingChangeWithIOIntegrityTest.test_ring_change_with_io_integrity___detaching_node_cass_ei_ring_change_abort,Swapnil
cassandra_medusa.config_change_tests.io_integrity.test_metadatadisk_replacement_with_io_integrity.MetadataDiskreplacementWithIOIntegrityTest.test_metadata_disk_replacement_with_io_integrity___all_metadata_disk_replacement,Swapnil
cassandra_medusa.config_change_tests.io_integrity.test_ring_change_with_io_integrity.RingChangeWithIOIntegrityTest.test_ring_change_with_io_integrity___replica_drc_ei_ring_change_abort,Swapnil
cassandra_medusa.config_change_tests.io_integrity.test_ring_change_with_io_integrity.RingChangeWithIOIntegrityTest.test_ring_change_with_io_integrity___replica_cass_ei_ring_change_abort,Swapnil
cassandra_medusa.config_change_tests.io_integrity.test_ring_change_with_io_integrity.RingChangeWithIOIntegrityTest.test_ring_change_with_io_integrity___detaching_node_drc_ei_ring_change_abort,Swapnil
cassandra_medusa.config_change_tests.io_integrity.test_ring_change_with_io_integrity.RingChangeWithIOIntegrityTest.test_ring_change_with_io_integrity___acting_drc_ei_ring_change_abort,Swapnil
cassandra_medusa.delta_scan_tests.io_integrity.test_leadership_scan_with_io_integrity.LeadershipDeltaScanWithIOIntegrityTest.test_leadership_delta_scan_with_io_integrity___leadership_ei_test_vdiskblock_map,Swapnil
cassandra_medusa.config_change_tests.io_integrity.test_ring_change_with_io_integrity.RingChangeWithIOIntegrityTest.test_ring_change_with_io_integrity___local_node_power_cycle_during_node_attach,Swapnil
cassandra_medusa.config_change_tests.io_integrity.test_ring_change_with_io_integrity.RingChangeWithIOIntegrityTest.test_ring_change_with_io_integrity___self_healing_repeated_restarts_acting_drc_crash,Swapnil
cassandra_medusa.config_change_tests.io_integrity.test_ring_change_with_io_integrity.RingChangeWithIOIntegrityTest.test_ring_change_with_io_integrity___local_cass_down_during_node_attach,Swapnil
cdp.zookeeper.zk_migration.test_zk_migration.ZookeeperMigrationTestWithIOintegrity.test_io_integrity___with_zk_not_migrate_when_died_short_period,Swapnil
cdp.zookeeper.zk_basic.test_zk_basic.ZookeeperBasicTests.test_zeus_leadership,Swapnil
cdp.stargate.ha.test_genesis_ha.GenesisHA~~~RF1_Support.test_genesis_ha___stargate_crash_ft2,Swapnil
cdp.stargate.ha.test_genesis_ha.GenesisHA~~~RF1_Support.test_genesis_ha___stargate_crash,Swapnil
cdp.stargate.ha.test_genesis_ha.GenesisHA~~~RF1_Support.test_genesis_ha___node_down,Swapnil
cdp.stargate.ha.test_genesis_ha.GenesisHA~~~RF1_Support.test_genesis_ha___master_down,Swapnil
cdp.stargate.power_cycling.test_io_integrity_power_cycling.PowerCyclingIOIntegrityTest~~~AES_Brownfield.test_io_integrity___node_power_cycle,Swapnil
cdp.stargate.cache_warmup.test_warmup.WarmupIOIntegrityTest.test_mixed___ei,Swapnil
cdp.stargate.power_cycling.test_io_integrity_power_cycling.PowerCyclingIOIntegrityTest~~~Blockstore_SPDK.test_io_integrity___svm_power_cycle,Swapnil
cdp.stargate.power_cycling.test_io_integrity_power_cycling.PowerCyclingIOIntegrityTest.test_io_integrity___svm_cycle_mixed,Swapnil
cassandra_medusa.delta_scan_tests.kv_integrity.test_leadership_scans_with_kv_integrity.LeadershipScanEIWithKVIntegrityTest.test_kv_integrity_with_component_error_injection,Swapnil
cassandra_medusa.delta_scan_tests.kv_integrity.test_leadership_scans_with_kv_integrity.LeadershipScanEIWithKVIntegrityTest.test_kv_integrity_with_component_error_injection___leader_read,Swapnil
cassandra_medusa.config_change_tests.io_integrity.test_metadatadisk_replacement_with_io_integrity.MetadataDiskreplacementWithIOIntegrityTest.test_metadata_disk_replacement_with_io_integrity___metadata_disk_bad_test,Swapnil
cdp.stargate.power_cycling.test_io_integrity_power_cycling.PowerCyclingIOIntegrityTest~~~RF1_Support.test_io_integrity___node_power_cycle,Swapnil
cdp.stargate.power_cycling.test_io_integrity_power_cycling.PowerCyclingIOIntegrityTest.test_io_integrity___svm_system_crash,Swapnil
cassandra_medusa.config_change_tests.io_integrity.test_ring_change_with_io_integrity.RingChangeWithIOIntegrityTest.test_ring_change_with_io_integrity___healthy_rapid_attach_detach,Swapnil
cassandra_medusa.error_injection_tests.degraded_node_tests.io_integrity.test_degraded_node_with_io_integrity.DegradedNodeWithIOIntegrity.test_degraded_node_with_io_integrity___degraded_node_due_to_network_ei_packet_drop_test,Swapnil
cassandra_medusa.error_injection_tests.io_integrity.test_error_injection_with_io_integrity.ErrorInjectionWithIOIntegrity.test_error_injection_with_io_integrity___svm_reboot,Swapnil
cassandra_medusa.error_injection_tests.io_integrity.test_error_injection_with_io_integrity.ErrorInjectionWithIOIntegrity.test_error_injection_with_io_integrity___network_error_injection,Swapnil
cassandra_medusa.error_injection_tests.io_integrity.test_error_injection_with_io_integrity.ErrorInjectionWithIOIntegrity.test_error_injection_with_io_integrity___component_error_injection,Swapnil
cassandra_medusa.config_change_tests.io_integrity.test_ring_change_with_io_integrity.RingChangeWithIOIntegrityTest.test_ring_change_with_io_integrity___drc_file_lock,Swapnil
cassandra_medusa.config_change_tests.io_integrity.test_metadatadisk_replacement_with_io_integrity.MetadataDiskreplacementWithIOIntegrityTest.test_metadata_disk_replacement_with_io_integrity___planned_metadata_disk_replacement,Swapnil
cassandra_medusa.config_change_tests.io_integrity.test_metadatadisk_replacement_with_io_integrity.MetadataDiskreplacementWithIOIntegrityTest.test_metadata_disk_replacement_with_io_integrity___one_metadata_disk_replacement,Swapnil
cassandra_medusa.config_change_tests.io_integrity.test_metadatadisk_replacement_with_io_integrity.MetadataDiskreplacementWithIOIntegrityTest.test_metadata_disk_replacement_with_io_integrity___minimum_nodes_metadata_disk_replacement,Swapnil
cassandra_medusa.skew_tests.io_integrity.test_automatic_ring_skew.AutomatedRingSkewTest.test_automated_ring_skew___automated_ring_skew_test,Swapnil
cassandra_medusa.delta_scan_tests.io_integrity.test_leadership_scan_with_io_integrity.LeadershipDeltaScanWithIOIntegrityTest.test_leadership_delta_scan_with_io_integrity___leadership_ei_test_eid_map,Swapnil
cassandra_medusa.delta_scan_tests.io_integrity.test_leadership_scan_with_io_integrity.LeadershipDeltaScanWithIOIntegrityTest.test_leadership_delta_scan_with_io_integrity___leadership_scan_ei_after_ring_change_test,Swapnil
cassandra_medusa.delta_scan_tests.io_integrity.test_leadership_scan_with_io_integrity.LeadershipDeltaScanWithIOIntegrityTest.test_leadership_delta_scan_with_io_integrity___leadership_ei_test,Swapnil
cassandra_medusa.delta_scan_tests.io_integrity.test_leadership_scan_with_io_integrity.LeadershipDeltaScanWithIOIntegrityTest.test_leadership_delta_scan_with_io_integrity___basic_leadership_test,Swapnil
cassandra_medusa.delta_scan_tests.io_integrity.test_leadership_scan_with_io_integrity.LeadershipDeltaScanWithIOIntegrityTest.test_leadership_delta_scan_with_io_integrity___wal_leadership_ping_pong_test,Swapnil
cassandra_medusa.config_change_tests.io_integrity.test_ring_change_with_io_integrity.RingChangeWithIOIntegrityTest.test_ring_change_with_io_integrity___replica_cass_crash_during_node_attach,Swapnil
cassandra_medusa.config_change_tests.io_integrity.test_ring_change_with_io_integrity.RingChangeWithIOIntegrityTest.test_ring_change_with_io_integrity___replica_cass_down_during_node_attach,Swapnil
cassandra_medusa.config_change_tests.io_integrity.test_ring_change_with_io_integrity.RingChangeWithIOIntegrityTest.test_ring_change_with_io_integrity___local_drc_down_during_node_attach,Swapnil
cassandra_medusa.config_change_tests.io_integrity.test_ring_change_with_io_integrity.RingChangeWithIOIntegrityTest.test_ring_change_with_io_integrity___local_comps_crash_during_node_attach,Swapnil
cassandra_medusa.config_change_tests.io_integrity.test_ring_change_with_io_integrity.RingChangeWithIOIntegrityTest.test_ring_change_with_io_integrity___replica_power_cycle_during_unhealthy_node_detach_using_fs,Swapnil
cassandra_medusa.config_change_tests.io_integrity.test_ring_change_with_io_integrity.RingChangeWithIOIntegrityTest.test_ring_change_with_io_integrity___self_healing_repeated_restarts_local_node_crash,Swapnil
cassandra_medusa.config_change_tests.io_integrity.test_ring_change_with_io_integrity.RingChangeWithIOIntegrityTest.test_ring_change_with_io_integrity___replica_comps_crash_during_node_attach,Swapnil
cassandra_medusa.config_change_tests.io_integrity.test_ring_change_with_io_integrity.RingChangeWithIOIntegrityTest.test_ring_change_with_io_integrity___local_cass_crash_during_node_attach,Swapnil
cassandra_medusa.config_change_tests.io_integrity.test_ring_change_with_io_integrity.RingChangeWithIOIntegrityTest.test_ring_change_with_io_integrity___replica_node_power_cycle_during_node_attach,Swapnil
cassandra_medusa.config_change_tests.io_integrity.test_ring_change_with_io_integrity.RingChangeWithIOIntegrityTest.test_ring_change_with_io_integrity___self_healing_cass_down_test,Swapnil
cassandra_medusa.config_change_tests.io_integrity.test_ring_change_with_io_integrity.RingChangeWithIOIntegrityTest.test_ring_change_with_io_integrity___replica_drc_down_during_node_attach,Swapnil
cassandra_medusa.config_change_tests.io_integrity.test_ring_change_with_io_integrity.RingChangeWithIOIntegrityTest.test_ring_change_with_io_integrity___basic_attach_detach,Swapnil
cdp.stargate.cache_warmup.test_warmup.WarmupIOIntegrityTest.test_mixed_snapshot___ei_ec,Swapnil
cdp.stargate.cache_warmup.test_warmup.WarmupIOIntegrityTest.test_mixed_snapshot___ei,Swapnil
cdp.stargate.cache_warmup.test_warmup.WarmupIOIntegrityTest.test_mixed_snapshot___ec,Swapnil
cdp.stargate.cache_warmup.test_warmup.WarmupIOIntegrityTest.test_mixed_snapshot,Swapnil
cdp.stargate.cache_warmup.test_warmup.WarmupIOIntegrityTest.test_mixed,Swapnil
cdp.stargate.cache_warmup.test_warmup.WarmupIOIntegrityTest.test_ei,Swapnil
cassandra_medusa.delta_scan_tests.io_integrity.test_leadership_scan_with_io_integrity.LeadershipDeltaScanWithIOIntegrityTest.test_leadership_delta_scan_with_io_integrity___leadership_ei_test_egid_map,Swapnil
cdp.zookeeper.zk_migration.test_zk_migration.ZookeeperMigrationTest.test_zk_migration_random,Swapnil
cdp.zookeeper.zk_leadership_blueprint.test_zk_leadership_blueprint.ZookeeperBlueprintTests.test_leadership_distribution,Swapnil
cdp.zookeeper.zookeeper_resilience.test_zk_resilience.TestZkResilience~~~ft_2.test_kill_service,Swapnil
cdp.zookeeper.zookeeper_resilience.test_zk_resilience.TestZkResilience~~~ft_2.test_kill_node,Swapnil
cdp.zookeeper.zk_leadership_blueprint.test_zk_leadership_blueprint.ZookeeperBlueprintTests.test_leadership_distribution_on_host_removal,Swapnil
cdp.stargate.ha.test_genesis_ha.GenesisHA.test_genesis_ha___stargate_down_ft2,Swapnil
cdp.stargate.ha.test_genesis_ha.GenesisHA.test_genesis_ha___stargate_crash_ft2,Swapnil
cdp.stargate.ha.test_genesis_ha.GenesisHA.test_genesis_ha___node_down_ft2,Swapnil
cdp.stargate.ha.test_genesis_ha.GenesisHA.test_genesis_ha___master_down_ft2,Swapnil
cdp.blockstore.xmount.test_xmount.XmountTest.test_xmount_ei___ltp,Swapnil
cassandra_medusa.config_change_tests.io_integrity.test_rf_transition_with_io_integrity.RFTransitionWithIOIntegrityTest.test_rf_transition_with_io_integrity___ring_change_rf_transition,Swapnil
cassandra_medusa.config_change_tests.io_integrity.test_rf_transition_with_io_integrity.RFTransitionWithIOIntegrityTest.test_rf_transition_with_io_integrity___rf_transition,Swapnil
cassandra_medusa.config_change_tests.io_integrity.test_rf_transition_with_io_integrity.RFTransitionWithIOIntegrityTest.test_rf_transition_with_io_integrity___ei_rf_transition_test,Swapnil
cdp.stargate.mixed_capacity_support.test_mixed_cap.MixedCapacitySupportTest.test_multiple_disk_replacement___higher_capacity_ssd_capacity_upgrade,Swapnil
cdp.external_storage.zookeeper.test_zk_ext_storage.ZookeeperExternalStorage~~~DellPowerFlex.test_zk_data_copy_on_node_add_removal,Swapnil
cdp.external_storage.zookeeper.test_zk_ext_storage.ZookeeperExternalStorage~~~DellPowerFlex.test_zk_data_copy,Swapnil
cdp.external_storage.zookeeper.test_zk_ext_storage.ZookeeperExternalStorage~~~DellPowerFlex.test_zk_data_copy_on_network_ei,Swapnil
cdp.external_storage.zookeeper.test_zk_ext_storage.ZookeeperExternalStorage~~~PureStorage.test_zk_data_copy_on_hades_temporarily_unavailable,Swapnil
cdp.external_storage.zookeeper.test_zk_ext_storage.ZookeeperExternalStorage~~~PureStorage.test_zk_data_copy_on_node_add_removal,Swapnil
cdp.external_storage.zookeeper.test_zk_ext_storage.ZookeeperExternalStorage~~~PureStorage.test_zk_data_copy_on_network_ei,Swapnil
cdp.external_storage.zookeeper.test_zk_ext_storage.ZookeeperExternalStorage~~~PureStorage.test_zk_data_copy,Swapnil
cdp.external_storage.stargate.test_compute_cluster_crash.TestComputeClusterCrash~~~PureStorage.test_compute_cluster_hypervisors_crash,Swapnil
cdp.hades.new_zk_partition.test_new_zk_partition.TestNewZkPartition.test_zk_service_with_new_zk_partition,Swapnil
cdp.hades.new_zk_partition.test_new_zk_partition.TestNewZkPartition.test_new_zk_partition_with_mix_nodes_dual_boot,Swapnil
cdp.hades.new_zk_partition.test_new_zk_partition.TestNewZkPartition.test_new_zk_partition_when_full,Swapnil
cdp.hades.new_zk_partition.test_new_zk_partition.TestNewZkPartition.test_new_zk_partition_single_boot,Swapnil
cdp.hades.new_zk_partition.test_new_zk_partition.TestNewZkPartition.test_new_zk_partition_ncc_checks,Swapnil
cdp.hades.new_zk_partition.test_new_zk_partition.TestNewZkPartition.test_new_zk_partition_fs_type_access_permissions,Swapnil
cdp.stargate.volume_groups.nvmf_pr.test_vg_nvmf_pr.VGNVMFPRTest.test_verify_scale_pr___kill_cassandra_stargate,Swapnil
cdp.pithos.key_distribution_tests.test_key_distribution_v2.KeyDistributionWithPithosIntegrityV2.test_verify_key_distribution_existing_vdisks___component_error_injection,Swapnil
cdp.pithos.error_injection_tests.test_error_injection_with_pithos_integrity_v2.ErrorInjectionWithPithosIntegrityV2.test_error_injection_with_pithos_integrity___component_error_injection,Swapnil
cdp.pithos.config_change_tests.pithos_integrity.test_pithos_integrity_v2.PithosIntegrityTestV2.test_ring_change_with_pithos_integrity___replica_comps_down_during_node_attach_test,Swapnil
cdp.pithos.config_change_tests.pithos_integrity.test_pithos_integrity_v2.PithosIntegrityTestV2.test_ring_change_with_pithos_integrity___minimum_nodes_self_healing_test,Swapnil
cdp.pithos.config_change_tests.pithos_integrity.test_pithos_integrity_v2.PithosIntegrityTestV2.test_ring_change_with_pithos_integrity___local_comps_crash_during_node_attach_test,Swapnil
cdp.pithos.config_change_tests.pithos_integrity.test_pithos_integrity_v2.PithosIntegrityTestV2.test_ring_change_with_pithos_integrity___basic_attach_detach_test,Swapnil
robo.robo_single_node.mini.test_robo_single_node_with_io_integrity.RoboSingleNodeWithIOIntegrityTest.test_robo_single_node_with_io_integrity___single_node_metadata_disk_replacement,Swapnil
cdp.hades.bad_disk_tests.test_bad_disk_workflows.BadDiskWorkflowTest.test_stargate_offline_disk,Swapnil
cdp.zookeeper.zk_scalability.test_zk_scalability.ZookeeperScalability.test_zk_sessions_at_scale,Swapnil
cdp.zookeeper.zk_scalability.test_zk_scalability.ZookeeperScalability.test_zk_high_zk_nodes_count,Swapnil
cassandra_medusa.healthy_node_removal.io_integrity.test_healthy_node_removal_with_io_integrity.HealthyNodeRemovalTest.test_healthy_node_removal___healthy_node_removal_drc_ei,Swapnil
cassandra_medusa.healthy_node_removal.io_integrity.test_healthy_node_removal_with_io_integrity.HealthyNodeRemovalTest.test_healthy_node_removal___two_healthy_node_serial_removal,Swapnil
cassandra_medusa.healthy_node_removal.io_integrity.test_healthy_node_removal_with_io_integrity.HealthyNodeRemovalTest.test_healthy_node_removal___two_healthy_node_parallel_removal,Swapnil
cassandra_medusa.healthy_node_removal.io_integrity.test_healthy_node_removal_with_io_integrity.HealthyNodeRemovalTest.test_healthy_node_removal___healthy_node_removal_with_disk_removal,Swapnil
cassandra_medusa.error_injection_tests.degraded_node_tests.io_integrity.test_degraded_node_with_io_integrity.DegradedNodeWithIOIntegrity.test_degraded_node_with_io_integrity___degraded_node_reboot_cvm_action_test,Swapnil
cdp.pithos.smoke_tests.test_pithos_integrity_v2.PithosIntegrityTest.test,Swapnil
cdp.pithos.config_change_tests.pithos_integrity.test_pithos_integrity.PithosIntegrityTest.test_ring_change_with_pithos_integrity___replica_comps_down_during_node_attach_test,Swapnil
cdp.pithos.config_change_tests.pithos_integrity.test_pithos_integrity.PithosIntegrityTest.test_ring_change_with_pithos_integrity___minimum_nodes_self_healing_test,Swapnil
cdp.pithos.config_change_tests.pithos_integrity.test_pithos_integrity.PithosIntegrityTest.test_ring_change_with_pithos_integrity___replica_drc_crash_during_node_attach_test,Swapnil
cdp.pithos.config_change_tests.pithos_integrity.test_pithos_integrity.PithosIntegrityTest.test_ring_change_with_pithos_integrity___basic_attach_detach_test,Swapnil
cdp.pithos.error_injection_tests.test_error_injection_with_pithos_integrity.ErrorInjectionWithPithosIntegrity.test_error_injection_with_pithos_integrity___network_error_injection,Swapnil
cdp.pithos.error_injection_tests.test_error_injection_with_pithos_integrity.ErrorInjectionWithPithosIntegrity.test_error_injection_with_pithos_integrity___component_error_injection,Swapnil
cdp.stargate.power_cycling.test_crash.CrashTest~~~Encryption.test_all_hypervisors_crash,Swapnil
cdp.blockstore.spdk.test_spdk_disk_workflows.TestSPDKDiskWorkflows.test_spdk_disk_workflows,Swapnil
cdp.stargate.redhat_guest_cluster.test_rhel_guest_cluster.RHELGuestClusterTest.test_rhel_cluster_io_integrity___direct_attach_vg_with_vmotion,Swapnil
cdp.stargate.redhat_guest_cluster.test_rhel_guest_cluster.RHELGuestClusterTest.test_rhel_cluster_io_integrity___direct_attach_vg_with_vglb,Swapnil
cdp.stargate.power_cycling.test_crash.CrashTest.test_all_svms_crash,Swapnil
cdp.stargate.redhat_guest_cluster.test_rhel_guest_cluster.RHELGuestClusterTest.test_rhel_cluster_io_integrity,Swapnil
cassandra_medusa.misc_tests.kv_integrity_tests.test_kv_integrity_gc_pauses_alert.CassandraGCPausesAlertTest.test_cassandra_gc_pauses_alert_with_kv_integrity,Swapnil
cassandra_medusa.healthy_node_removal.io_integrity.test_healthy_node_removal_with_io_integrity.HealthyNodeRemovalTest.test_healthy_node_removal___healthy_node_removal,Swapnil
cdp.pithos.config_change_tests.pithos_integrity.test_pithos_integrity.PithosIntegrityTest.test_ring_change_with_pithos_integrity___self_healing_due_to_repeated_restarts_acting_drc_crash_test,Swapnil
cassandra_medusa.error_injection_tests.degraded_node_tests.io_integrity.test_degraded_node_with_io_integrity.DegradedNodeWithIOIntegrity.test_degraded_node_with_io_integrity___degraded_node_due_to_cassandra_ei_packet_drop_test,Swapnil
cassandra_medusa.positive_tests.test_stats_quorum_copy.StatsQuorumCopyTest.test_stats_quorum_copy,Swapnil
cdp.zookeeper.zookeeper_resilience.test_zk_resilience.TestZkResilience.test_kill_service,Swapnil
cdp.stargate.power_cycling.test_crash.CrashTest~~~Encryption.test_all_svms_crash,Swapnil
cdp.stargate.power_cycling.test_crash.CrashTest~~~AES.test_all_hypervisors_crash,Swapnil
cdp.stargate.power_cycling.test_io_integrity_power_cycling.PowerCyclingIOIntegrityTest.test_io_integrity___svm_power_cycle,Swapnil
cdp.stargate.redhat_guest_cluster.test_rhel_guest_cluster.RHELGuestClusterTest.test_rhel_cluster_io_integrity___direct_attach_vg,Swapnil
cdp.stargate.power_cycling.test_crash.CrashTest.test_all_hypervisors_crash,Swapnil
cassandra_medusa.config_change_tests.io_integrity.test_ring_change_with_io_integrity.RingChangeWithIOIntegrityTest.test_ring_change_with_io_integrity___local_drc_crash_during_node_attach,Swapnil
cassandra_medusa.config_change_tests.io_integrity.test_ring_change_with_io_integrity.RingChangeWithIOIntegrityTest.test_ring_change_with_io_integrity___replica_drc_crash_during_node_attach,Swapnil
cassandra_medusa.delta_scan_tests.io_integrity.test_leadership_scan_with_io_integrity.LeadershipDeltaScanWithIOIntegrityTest.test_leadership_delta_scan_with_io_integrity___leadership_ping_pong_test,Swapnil
cdp.stargate.redhat_guest_cluster.test_rhel_guest_cluster.RHELGuestClusterTest.test_rhel_cluster_io_integrity___direct_attach_vg_with_vglb_vmotion,Swapnil
cdp.zookeeper.zk_migration.test_zk_migration.ZookeeperMigrationTestWithIOintegrity.test_io_integrity___with_zk_migration_follower,Swapnil
cdp.blockstore.xmount.test_xmount_recovery.XmountRecoveryTest.test_xmount_crash_recovery,Swapnil
cdp.blockstore.xmount.test_xmount.XmountTest.test_xmount___io_integrity,Swapnil
cdp.blockstore.xmount.test_xmount.XmountTest.test_xmount___ltp,Swapnil
cdp.medusa_nike.medusa_nike_integrity_tests.test_medusa_nike_integrity.MedusaNikeIntegrityTest.test_medusa_nike_integrity___cassandra_detach_attach_nonallflash_dcfs,Swapnil
cdp.hades.disk_operations.test_disk_operations.TestDiskOperations.test_remove_add_disk,Swapnil
cdp.gflag_whitelist.test_gflag_whitelisting.GflagWhitelistingTest.test_whitelisting_gflags_negative,Swapnil
cdp.hades.raid.test_raid_workflows.TestRaid.test_remove_add_raid_disk,Swapnil
cdp.gflag_whitelist.test_gflag_whitelisting.GflagWhitelistingTest.test_whitelisting_gflags___ttl,Swapnil
cdp.hades.ncc_tests.raid_health_check.test_raid_health_checks.RaidHealthChecks.test_degraded_raid,Swapnil
cdp.stargate.tiering.test_optane_upmigrate.TestOptaneUpmigrate.test_optane_upmigrate___sequential_write,Swapnil
cdp.stargate.tiering.test_optane_upmigrate.TestOptaneUpmigrate.test_optane_upmigrate___random_write,Swapnil
cdp.hades.disk_operator_tool.test_disk_operator_binary.TestDiskOperationsBinary.test_disk_operations,Swapnil
cdp.hades.disk_error_parser.test_disk_error_parser.TestDiskErrorParser.test_disk_error_parser,Swapnil
cdp.hades.nvme_hdd_support.test_nvme_hdd_node_ops.TestNvmeHddNodeOps.test_hybrid_node_add_to_hybrid_cluster,Swapnil
cdp.hades.nvme_hdd_support.test_nvme_hdd_node_ops.TestNvmeHddNodeOps.test_hybrid_node_add_to_blockstore_eligible_cluster,Swapnil
cdp.hades.nvme_hdd_support.test_nvme_hdd_node_ops.TestNvmeHddNodeOps.test_hybrid_node_add_to_all_nvme_optane_cluster,Swapnil
cdp.hades.nvme_hdd_support.test_nvme_hdd_disk_replacement.TestNvmeHddDiskReplacement.test_hdd_rolling_replacement_with_ssd,Swapnil
cdp.hades.nvme_hdd_support.test_nvme_hdd_disk_replacement.TestNvmeHddDiskReplacement.test_hdd_removal_followed_by_replacement_with_ssd,Swapnil
cdp.hades.nvme_hdd_support.test_nvme_hdd_disk_replacement.TestNvmeHddDiskReplacement.test_hdd_addition_on_all_flash_nvme_node,Swapnil
cdp.hades.nvme_hdd_support.test_nvme_hdd_disk_replacement.TestNvmeHddDiskReplacement.test_offline_disk_addition_on_hybrid_node,Swapnil
cdp.hades.nvme_hdd_support.test_nvme_hdd_disk_replacement.TestNvmeHddDiskReplacement.test_hdd_replacement_with_nvme,Swapnil
cdp.gflag_whitelist.test_gflag_whitelisting.GflagWhitelistingTest.test_whitelisting_gflags___manual_pruning,Swapnil
cdp.hades.nvme_hdd_support.test_nvme_hdd_node_ops.TestNvmeHddNodeOps.test_hybrid_node_add_to_hybrid_cluster_with_ssd_hdd,Swapnil
cdp.gflag_whitelist.test_gflag_whitelisting.GflagWhitelistingTest.test_whitelisting_gflags,Swapnil
cdp.hades.disk_health_monitor.test_disk_health_monitor.DiskHealthMonitorTest.test_disk_health_monitor,Swapnil
cdp.stargate.mixed_capacity_support.test_mixed_cap.MixedCapacitySupportTest.test_multiple_disk_replacement___higher_capacity_ssd_rma_node_detach_attach_ei,Swapnil
cdp.stargate.mixed_capacity_support.test_mixed_cap.MixedCapacitySupportTest.test_multiple_disk_replacement___higher_capacity_ssd_rma,Swapnil
cdp.stargate.mixed_capacity_support.test_mixed_cap.MixedCapacitySupportTest.test_disk_remove_add___lesser_capacity_ssd_capacity_upgrade,Swapnil
cdp.stargate.mixed_capacity_support.test_mixed_cap.MixedCapacitySupportTest.test_disk_remove_add___higher_capacity_ssd,Swapnil
cdp.stargate.mixed_capacity_support.test_mixed_cap.MixedCapacitySupportTest.test_disk_remove_add___higher_capacity_hdd_stop_zookeeper,Swapnil
cdp.stargate.mixed_capacity_support.test_mixed_cap.MixedCapacitySupportTest.test_disk_remove_add___higher_capacity_hdd_rolling_reboot,Swapnil
cdp.stargate.mixed_capacity_support.test_mixed_cap.MixedCapacitySupportTest.test_disk_remove_add___higher_capacity_blockstore_disk,Swapnil
cdp.hades.mount_tests.test_read_only_mount.ReadOnlyMountTest.test_read_only_mount_by_kernel,Swapnil
cdp.hades.disk_operations.test_disk_operations_multi_cluster.TestMultiClusterDiskOperations.test_disk_swap_between_clusters,Swapnil
cdp.hades.disk_operations.test_disk_operations.TestDiskOperations.test_remove_add_disk___different_node,Swapnil
cdp.stargate.mixed_capacity_support.test_mixed_cap.MixedCapacitySupportTest.test_disk_remove_add___same_capacity_ssd,Swapnil
cdp.stargate.mixed_capacity_support.test_mixed_cap.MixedCapacitySupportTest.test_disk_remove_add___lesser_capacity_ssd_rma,Swapnil
cdp.stargate.tiering.test_optane_upmigrate.TestOptaneUpmigrate.test_optane_upmigrate___random_read,Swapnil
cdp.stargate.mixed_capacity_support.test_mixed_cap.MixedCapacitySupportTest.test_varied_capacity_disk_replacement,Swapnil
cdp.stargate.mixed_capacity_support.test_mixed_cap.MixedCapacitySupportTest.test_disk_remove_add___higher_capacity_hdd,Swapnil
cdp.hades.disk_operations.test_disk_operations.TestDiskOperations.test_add_new_disk,Swapnil
cdp.hades.bad_disk_tests.test_bad_disk_on_reboot.HandleBadDiskTest.test_disk_partition_removal,Swapnil
cdp.stargate.ha.test_genesis_ha.GenesisHA.test_genesis_ha___stargate_down,Swapnil
cdp.stargate.ha.test_genesis_ha.GenesisHA.test_genesis_ha___stargate_crash,Swapnil
cdp.stargate.ha.test_genesis_ha.GenesisHA.test_genesis_ha___node_down,Swapnil
cdp.stargate.ha.test_genesis_ha.GenesisHA.test_genesis_ha___master_down,Swapnil
cdp.stargate.erasure_code.power_cycling.test_ec_power_cycle_io_integrity.ECPowerCycleIOIntegrityTest.test_io_integrity_svm_power_cycle___mixed,Swapnil
manageability.ui.pe.rack_awareness.test_rack_awareness.RackAwarenessTest.test_verify_rack_configuration_absence_on_hyperv,Swapnil
cassandra_medusa.one_node_one_disk_or_two_disk_ft_tests.io_integrity.test_cassandra_1n1d_2d_ft_with_io_integrity.CassandraOneNodeOneDiskOrTwoDiskFtTest.test_cassandra_1n1d_2d_ft_cluster___verify_hdd_sdd_removal_node_forwarding,Swapnil
cassandra_medusa.one_node_one_disk_or_two_disk_ft_tests.io_integrity.test_cassandra_1n1d_2d_ft_with_io_integrity.CassandraOneNodeOneDiskOrTwoDiskFtTest.test_cassandra_1n1d_2d_ft_cluster___verify_disk_removal_forwarding_2,Swapnil
cassandra_medusa.one_node_one_disk_or_two_disk_ft_tests.io_integrity.test_cassandra_1n1d_2d_ft_with_io_integrity.CassandraOneNodeOneDiskOrTwoDiskFtTest.test_cassandra_1n1d_2d_ft_cluster___verify_disk_removal_forwarding_1,Swapnil
cassandra_medusa.one_node_one_disk_or_two_disk_ft_tests.io_integrity.test_cassandra_1n1d_2d_ft_with_io_integrity.CassandraOneNodeOneDiskOrTwoDiskFtTest.test_cassandra_1n1d_2d_ft_cluster___verify_random_node_forwarding,Swapnil
cassandra_medusa.one_node_one_disk_or_two_disk_ft_tests.io_integrity.test_cassandra_1n1d_2d_ft_with_io_integrity.CassandraOneNodeOneDiskOrTwoDiskFtTest.test_cassandra_1n1d_2d_ft_cluster___verify_drc_down_2D_failure,Swapnil
cassandra_medusa.one_node_one_disk_or_two_disk_ft_tests.io_integrity.test_cassandra_1n1d_2d_ft_with_io_integrity.CassandraOneNodeOneDiskOrTwoDiskFtTest.test_cassandra_1n1d_2d_ft_cluster___verify_1D_1N_serial_failure_cas_down,Swapnil
cassandra_medusa.one_node_one_disk_or_two_disk_ft_tests.io_integrity.test_cassandra_1n1d_2d_ft_with_io_integrity.CassandraOneNodeOneDiskOrTwoDiskFtTest.test_cassandra_1n1d_2d_ft_cluster___verify_2D_parallel_failure,Swapnil
cdp.zookeeper.zookeeper_containerization.test_zookeeper_containerization.ZookeeperContainerization.test_zookeeper_pods_smsp_ops,Swapnil
cdp.kvstore.mint_large_nike_kvstore.test_mint_large_nike.MintLargeNikeTest.test_mint_large_nike___nike_detach_attach_cassandra_detach_attach_dcfs_nonallflash,Swapnil
cdp.hades.disk_api_tests.test_disk_v4_api.TestDiskV4API.test_random_api_when_node_is_down,Swapnil
cdp.hades.disk_api_tests.test_disk_v4_api.TestDiskV4API.test_add_old_disk_to_zeus_api_when_disk_is_hotplugged,Swapnil
cdp.hades.disk_api_tests.test_disk_v4_api.TestDiskV4API.test_add_old_disk_to_zeus_api,Swapnil
cdp.hades.disk_api_tests.test_disk_v4_api.TestDiskV4API.test_led_api,Swapnil
cdp.blockstore.spdk.test_spdk_error_injection.TestSPDKErrorInjection.test_spdk_error_injection,Swapnil
cdp.blockstore.infrastructure.test_blockstore_infrastructure.TestBlockstoreInfrastructure.test_blockstore_remove_add_node___spdk,Swapnil
cdp.hades.disk_health_monitor.test_disk_health_monitor.DiskHealthMonitorTest.test_disk_health_monitor___nvme,Swapnil
cdp.blockstore.infrastructure.test_blockstore_infrastructure.TestBlockstoreInfrastructure.test_blockstore_remove_add_node,Swapnil
cdp.blockstore.infrastructure.test_blockstore_infrastructure.TestBlockstoreInfrastructure.test_blockstore_remove_add_disk___hotplug,Swapnil
cdp.blockstore.infrastructure.test_blockstore_configuration.TestBlockstoreConfiguration.test_blockstore_configuration,Swapnil
cdp.blockstore.infrastructure.test_blockstore_infrastructure.TestBlockstoreInfrastructure.test_blockstore_remove_add_disk,Swapnil
cdp.blockstore.infrastructure.test_blockstore_configuration.TestBlockstoreConfiguration.test_blockstore_configuration___ext4,Swapnil
cdp.stargate.single_node_backup.test_single_node_backup.SNBRetrieveTest.test_retrieve_snapshot_from_snb_cluster___svm_pc,Swapnil
cdp.stargate.single_node_backup.test_single_node_backup.SNBRetrieveTest.test_retrieve_snapshot_from_snb_cluster___node_pc,Swapnil
cdp.stargate.single_node_backup.test_single_node_backup.SNBRetrieveTest.test_retrieve_snapshot_from_snb_cluster___egei,Swapnil
cdp.hades.all_nvme_support.test_all_nvme_support.TestAllNvmeSupport.test_cluster_operations,Swapnil
cdp.hades.all_nvme_support.test_all_nvme_support.TestAllNvmeSupport.test_node_remove_and_add,Swapnil
cdp.hades.all_nvme_support.test_all_nvme_support.TestAllNvmeSupport.test_rolling_reboot,Swapnil
cdp.hades.all_nvme_support.test_all_nvme_support.TestAllNvmeSupport.test_hades_error_injection,Swapnil
cdp.hades.all_nvme_support.test_all_nvme_support.TestAllNvmeSupport.test_genesis_restart,Swapnil
cdp.hades.all_nvme_support.test_all_nvme_support.TestAllNvmeSupport.test_bar0_disk_missing_scenario,Swapnil
cdp.hades.all_nvme_support.test_all_nvme_support.TestAllNvmeSupport.test_data_disk_missing_cluster_create,Swapnil
infrastructure.network_segmentation.test_ha.HighAvailability~~~data_in_transit.test_hypervisor_ha,Swapnil
cdp.stargate.single_node_backup.test_single_node_backup.SNBRetrieveTest.test_snb_cluster_hdd_removal,Swapnil
cdp.stargate.single_node_backup.test_single_node_backup.SNBRetrieveTest.test_retrieve_snapshot_from_snb_cluster,Swapnil
cdp.stargate.single_node_backup.test_single_node_backup.SNBRetrieveTest.test_snb_cluster_ssd_removal,Swapnil
cdp.stargate.single_node_backup.test_single_node_backup.SNBRetrieveTest.test_snb_cluster_override_ssd_removal,Swapnil
cdp.stargate.single_node_backup.test_single_node_backup.SNBRetrieveTest.test_retrieve_snapshot_from_snb_cluster___ei,Swapnil
robo.robo_add_remove_node.test_robo_add_node_with_io_integrity.RoboAddNodeWithIOIntegrityTest.test_robo_two_to_three_node_with_io_integrity___witness_rpc_metadata_disk_removal,Swapnil
robo.robo_add_remove_node.test_robo_add_node_with_io_integrity.RoboAddNodeWithIOIntegrityTest.test_robo_from_one_to_four_node_with_io_integrity___witness_rpc,Swapnil
robo.robo_add_remove_node.test_robo_add_node_with_io_integrity.RoboAddNodeWithIOIntegrityTest.test_robo_two_to_three_node_with_io_integrity___witness_rpc,Swapnil
cdp.stargate.single_node_backup.test_single_node_backup.SNBRetrieveTest.test_retrieve_snapshot_from_snb_cluster___nei,Swapnil
robo.robo_add_remove_node.test_robo_add_node_with_io_integrity.RoboAddNodeWithIOIntegrityTest.test_robo_two_to_three_to_four_node_with_io_integrity___witness_rpc,Swapnil
robo.robo_add_remove_node.test_robo_add_node.RoboAddNodeToTwoNodeTest.test_robo_add_node_to_two_node___witness_rpc,Swapnil
cdp.stargate.robo_encryption.test_io_integrity_compression_snapshot_encryption.CompressionSnapshotEncryptionIOIntegrityTest.test_pc_unavailability,Swapnil
cdp.stargate.robo_encryption.test_io_integrity_compression_snapshot_encryption.CompressionSnapshotEncryptionIOIntegrityTest.test_pc_fault_tolerance,Swapnil
cdp.stargate.robo_encryption.test_io_integrity_compression_snapshot_encryption.CompressionSnapshotEncryptionIOIntegrityTest.test_mantle_key_workflow,Swapnil
cdp.stargate.robo_encryption.test_io_integrity_compression_snapshot_encryption.CompressionSnapshotEncryptionIOIntegrityTest.test_encryption_io_integrity_with_rekey,Swapnil
cdp.stargate.robo_encryption.test_io_integrity_compression_snapshot_encryption.CompressionSnapshotEncryptionIOIntegrityTest.test_encryption_io_integrity_with_cluster_restart,Swapnil
cdp.stargate.robo_encryption.test_io_integrity_compression_snapshot_encryption.CompressionSnapshotEncryptionIOIntegrityTest.test_ekm_to_pckm_conversion,Swapnil
cdp.stargate.robo_encryption.test_io_integrity_compression_snapshot_encryption.CompressionSnapshotEncryptionIOIntegrityTest.test_download_pe_encryption_keys_from_pc,Swapnil
cdp.stargate.robo_encryption.test_io_integrity_compression_snapshot_encryption.CompressionSnapshotEncryptionIOIntegrityTest.test_background_encryption_robo_cluster,Swapnil
robo.robo_add_remove_node.test_robo_remove_node_from_two_node_with_io_integrity.RoboRemoveNodeFromTwoNodeWithIOIntegrityTest.test_robo_remove_node_two_node_with_io_integrity___witness_pckm_encryption,Swapnil
robo.robo_two_node.test_robo_two_node_with_io_integrity.RoboTwoNodeWithIOIntegrityTest.test_robo_two_node_with_io_integrity___two_node_ei_on_one_node_test_with_encryption,Swapnil
robo.robo_add_remove_node.test_robo_add_node_with_io_integrity.RoboAddNodeWithIOIntegrityTest.test_robo_two_to_three_node_with_io_integrity___witness_rpc_cassandra_stop,Swapnil
robo.robo_add_remove_node.test_robo_add_node_with_io_integrity.RoboAddNodeWithIOIntegrityTest.test_robo_two_to_three_node_with_io_integrity___witness_rpc_drc_stop,Swapnil
robo.robo_single_node.test_robo_single_node_with_io_integrity.RoboSingleNodeWithIOIntegrityTest.test_robo_single_node_with_io_integrity___single_node_metadata_disk_replacement_with_encryption,Swapnil
robo.robo_single_node.test_robo_single_node_with_io_integrity.RoboSingleNodeWithIOIntegrityTest.test_robo_single_node_with_io_integrity___single_node_integrity_with_encryption,Swapnil
robo.robo_two_node.test_robo_two_node_with_io_integrity.RoboTwoNodeWithIOIntegrityTest.test_robo_two_node_with_io_integrity___two_node_witness_vm,Swapnil
robo.robo_two_node.test_robo_two_node_with_io_integrity.RoboTwoNodeWithIOIntegrityTest.test_robo_two_node_with_io_integrity___two_node_split_brain_scenario,Swapnil
robo.robo_two_node.test_robo_two_node_with_io_integrity.RoboTwoNodeWithIOIntegrityTest.test_robo_two_node_with_io_integrity___two_node_one_metadata_disk_replacement_on_both_nodes,Swapnil
robo.robo_two_node.test_robo_two_node_with_io_integrity.RoboTwoNodeWithIOIntegrityTest.test_robo_two_node_with_io_integrity___two_node_one_metadata_disk_replacement,Swapnil
robo.robo_two_node.test_robo_two_node_with_io_integrity.RoboTwoNodeWithIOIntegrityTest.test_robo_two_node_with_io_integrity___two_node_ei_on_witness_vm,Swapnil
robo.robo_two_node.test_robo_two_node_with_io_integrity.RoboTwoNodeWithIOIntegrityTest.test_robo_two_node_with_io_integrity___two_node_ei_on_one_node,Swapnil
robo.robo_two_node.test_robo_two_node_with_io_integrity.RoboTwoNodeWithIOIntegrityTest.test_robo_two_node_with_io_integrity___two_node_double_failures,Swapnil
robo.robo_two_node.test_robo_two_node_with_io_integrity.RoboTwoNodeWithIOIntegrityTest.test_robo_two_node_with_io_integrity___two_node_combination,Swapnil
robo.robo_two_node.test_robo_two_node_with_io_integrity.RoboTwoNodeWithIOIntegrityTest.test_robo_two_node_with_io_integrity___two_node_both_metadata_disk_replacement_on_one_node,Swapnil
robo.robo_single_node.test_robo_single_node_with_io_integrity.RoboSingleNodeWithIOIntegrityTest.test_robo_single_node_with_io_integrity___single_node_metadata_disk_replacement,Swapnil
robo.robo_single_node.test_robo_single_node_with_io_integrity.RoboSingleNodeWithIOIntegrityTest.test_robo_single_node_with_io_integrity___single_node_integrity,Swapnil
robo.robo_add_remove_node.test_robo_remove_node_from_two_node_with_io_integrity.RoboRemoveNodeFromTwoNodeWithIOIntegrityTest.test_robo_remove_node_two_node_with_io_integrity___offline_HDD,Swapnil
robo.robo_add_remove_node.test_robo_add_node_with_io_integrity.RoboAddNodeWithIOIntegrityTest.test_robo_add_node_to_one_node_with_io_integrity___witness,Swapnil
robo.robo_add_remove_node.test_robo_add_node_with_io_integrity.RoboAddNodeWithIOIntegrityTest.test_robo_add_node_to_one_node_with_io_integrity___normal_witness,Swapnil
robo.robo_add_remove_node.test_robo_add_node_with_io_integrity.RoboAddNodeWithIOIntegrityTest.test_robo_add_node_to_one_node_with_io_integrity___normal,Swapnil
robo.robo_add_remove_node.test_robo_add_node.RoboAddNodeToOneNodeTest.test_robo_add_node_to_one_node___normal,Swapnil
robo.robo_add_remove_node.test_robo_remove_node_from_two_node_with_io_integrity.RoboRemoveNodeFromTwoNodeWithIOIntegrityTest.test_robo_remove_node_two_node_with_io_integrity___witness,Swapnil
robo.robo_add_remove_node.test_robo_remove_node_from_two_node_with_io_integrity.RoboRemoveNodeFromTwoNodeWithIOIntegrityTest.test_robo_remove_node_two_node_with_io_integrity___offline_HDD_witness,Swapnil
robo.robo_add_remove_node.test_robo_remove_node_from_two_node_with_io_integrity.RoboRemoveNodeFromTwoNodeWithIOIntegrityTest.test_robo_remove_node_two_node_with_io_integrity,Swapnil
robo.robo_add_remove_node.test_robo_add_node_with_io_integrity.RoboAddNodeWithIOIntegrityTest.test_robo_add_node_to_one_node_with_io_integrity,Swapnil
robo.robo_add_remove_node.test_robo_add_node.RoboAddNodeToOneNodeTest.test_robo_add_node_to_one_node___witness,Swapnil
robo.robo_add_remove_node.test_robo_add_node.RoboAddNodeToOneNodeTest.test_robo_add_node_to_one_node___normal_witness,Swapnil
robo.robo_add_remove_node.test_robo_add_node.RoboAddNodeToOneNodeTest.test_robo_add_node_to_one_node,Swapnil
robo.robo_add_remove_node.test_robo_remove_node_from_two_node_with_io_integrity.RoboRemoveNodeFromTwoNodeWithIOIntegrityTest.test_robo_remove_node_two_node_with_io_integrity___witness_lkm_encryption,Swapnil
cdp.hades.nvme_serviceability.test_nvme_serviceability.TestNvmeServiceability.test_disk_add_partially_populated_node,Swapnil
cdp.stargate.power_cycling.test_crash.CrashTest~~~nvme_serviceability.test_all_hypervisors_crash,Swapnil
cdp.stargate.power_cycling.test_io_integrity_power_cycling.PowerCyclingIOIntegrityTest~~~nvme_serviceability.test_io_integrity___node_power_cycle,Swapnil
cdp.stargate.power_cycling.test_io_integrity_power_cycling.PowerCyclingIOIntegrityTest~~~nvme_serviceability.test_io_integrity___svm_power_cycle,Swapnil
cdp.blockstore.spdk.test_spdk_error_injection.TestSPDKErrorInjection~~~nvme_serviceability.test_spdk_error_injection,Swapnil
cdp.blockstore.spdk.test_spdk_disk_workflows.TestSPDKDiskWorkflows~~~nvme_serviceability.test_spdk_disk_workflows,Swapnil
cdp.blockstore.infrastructure.test_blockstore_infrastructure.TestBlockstoreInfrastructure~~~nvme_serviceability.test_blockstore_remove_add_disk___hotplug,Swapnil
cdp.blockstore.infrastructure.test_blockstore_infrastructure.TestBlockstoreInfrastructure~~~nvme_serviceability.test_blockstore_remove_add_disk,Swapnil
cdp.stargate.compute-storage.test_esx_compute_ahv_storage_only.TestESXComputeAHVStorageOnly.test_esx_co_ahv_storage_only_mixed_snapshot_integrity,Thanuja
cdp.hades.hawk_armor.test_hawk_armor.TestHawkArmor.test_component_restart_cvm_node_powercycle,Thanuja
cdp.hades.hawk_armor.test_hawk_armor.TestHawkArmor.test_hawk_armor_disk_operation,Thanuja
cdp.hades.hawk_armor.test_hawk_armor.TestHawkArmor.test_hawk_armor_node_add_remove,Thanuja
chakrdb.nike.error_injection.test_chakrdb_ei.ChakrDBErrorInjectionTest.test___repeatedly_kill_db_instance_pods,Thanuja
chakrdb.nike.serviceability.test_sevak.ChakDBSevakTest.test_kv_integrity___vnode_movement,Thanuja
chakrdb.nike.serviceability.test_sevak.ChakDBSevakTest.test_kv_integrity___large_mounts,Thanuja
chakrdb.nike.serviceability.test_sevak.ChakDBSevakTest.test_kv_integrity,Thanuja
chakrdb.nike.error_injection.test_chakrdb_ei.ChakrDBErrorInjectionTest.test___repeatedly_kill_cm_proc,Thanuja
chakrdb.nike.error_injection.test_chakrdb_ei.ChakrDBErrorInjectionTest.test___repeatedly_kill_cm_pods,Thanuja
cdp.stargate.power_cycling.test_io_integrity_power_cycling.PowerCyclingIOIntegrityTest~~~NVMe-TCP.test_io_integrity___node_power_cycle,Thanuja
cdp.stargate.vmotion.test_vmotion.VmotionIOIntegrityTest~~~NVMe-TCP.test_mixed_snapshot___ei,Thanuja
cdp.stargate.abs.test_abs_scale_io_integrity.ABSScaleIOIntegrityTest~~~NVMe-TCP.test_scale_io_integrity,Thanuja
chakrdb.nike.vnode_movement.test_vnode_movement.VNodeMovementTest.test___failover_failback_of_vnodes_in_normal_mode,Thanuja
chakrdb.nike.vnode_movement.test_vnode_movement.VNodeMovementTest.test___failover_failback_elasticity_reverse,Thanuja
chakrdb.nike.vnode_movement.test_vnode_movement.VNodeMovementTest.test___failover_failback_elasticity,Thanuja
cdp.medusa_nike.medusa_nike_integrity_tests.test_medusa_nike_integrity.MedusaNikeIntegrityTest.test_medusa_nike_integrity___ft2,Thanuja
cdp.medusa_nike.medusa_nike_integrity_tests.test_medusa_nike_integrity.MedusaNikeIntegrityTest.test_medusa_nike_integrity___component_ei_ft2_nonallflash,Thanuja
cdp.medusa_nike.medusa_nike_integrity_tests.test_medusa_nike_integrity.MedusaNikeIntegrityTest.test_medusa_nike_integrity___stargate_down_ft2_nonallflash,Thanuja
cdp.medusa_nike.medusa_nike_integrity_tests.test_medusa_nike_integrity.MedusaNikeIntegrityTest.test_medusa_nike_integrity___nike_down_ft2_nonallflash,Thanuja
cdp.medusa_nike.medusa_nike_integrity_tests.test_medusa_nike_integrity.MedusaNikeIntegrityTest.test_medusa_nike_integrity___nike_ei_ft2_nonallflash,Thanuja
cdp.medusa_nike.medusa_nike_integrity_tests.test_medusa_nike_integrity.MedusaNikeIntegrityTest.test_medusa_nike_integrity___nei_ft2_nonallflash,Thanuja
cdp.medusa_nike.medusa_nike_integrity_tests.test_medusa_nike_integrity.MedusaNikeIntegrityTest.test_medusa_nike_integrity___ft2_nonallflash,Thanuja
cdp.medusa_nike.medusa_nike_integrity_tests.test_medusa_nike_integrity.MedusaNikeIntegrityTest.test_medusa_nike_integrity___component_ei_nonallflash,Thanuja
cdp.medusa_nike.medusa_nike_integrity_tests.test_medusa_nike_integrity.MedusaNikeIntegrityTest.test_medusa_nike_integrity___stargate_down_nonallflash,Thanuja
cdp.medusa_nike.medusa_nike_integrity_tests.test_medusa_nike_integrity.MedusaNikeIntegrityTest.test_medusa_nike_integrity___nike_down_nonallflash,Thanuja
cdp.medusa_nike.medusa_nike_integrity_tests.test_medusa_nike_integrity.MedusaNikeIntegrityTest.test_medusa_nike_integrity___nike_ei_nonallflash,Thanuja
cdp.medusa_nike.medusa_nike_integrity_tests.test_medusa_nike_integrity.MedusaNikeIntegrityTest.test_medusa_nike_integrity___nei_nonallflash,Thanuja
cdp.medusa_nike.medusa_nike_integrity_tests.test_medusa_nike_integrity.MedusaNikeIntegrityTest.test_medusa_nike_integrity___nonallflash,Thanuja
cdp.medusa_nike.medusa_nike_integrity_tests.test_medusa_nike_integrity.MedusaNikeIntegrityTest.test_medusa_nike_integrity___degraded_node_nonallflash_dcfs,Thanuja
cdp.medusa_nike.medusa_nike_integrity_tests.test_medusa_nike_integrity.MedusaNikeIntegrityTest.test_medusa_nike_integrity___chakr_cm_ei_during_detach_attach_nonallflash_dcfs,Thanuja
cdp.medusa_nike.medusa_nike_integrity_tests.test_medusa_nike_integrity.MedusaNikeIntegrityTest.test_medusa_nike_integrity___svm_pc_nonallflash_dcfs,Thanuja
cdp.medusa_nike.medusa_nike_integrity_tests.test_medusa_nike_integrity.MedusaNikeIntegrityTest.test_medusa_nike_integrity___component_ei_nonallflash_dcfs,Thanuja
cdp.medusa_nike.medusa_nike_integrity_tests.test_medusa_nike_integrity.MedusaNikeIntegrityTest.test_medusa_nike_integrity___nei_nonallflash_dcfs,Thanuja
cdp.medusa_nike.medusa_nike_integrity_tests.test_medusa_nike_integrity.MedusaNikeIntegrityTest.test_medusa_nike_integrity___nike_down_nonallflash_dcfs,Thanuja
cdp.medusa_nike.medusa_nike_integrity_tests.test_medusa_nike_integrity.MedusaNikeIntegrityTest.test_medusa_nike_integrity___stargate_down_nonallflash_dcfs,Thanuja
cdp.medusa_nike.medusa_nike_integrity_tests.test_medusa_nike_integrity.MedusaNikeIntegrityTest.test_medusa_nike_integrity___nike_ei_nonallflash_dcfs,Thanuja
cdp.medusa_nike.medusa_nike_integrity_tests.test_medusa_nike_integrity.MedusaNikeIntegrityTest.test_medusa_nike_integrity___remove_add_two_node_nonallflash_dcfs,Thanuja
cdp.medusa_nike.medusa_nike_integrity_tests.test_medusa_nike_integrity.MedusaNikeIntegrityTest.test_medusa_nike_integrity___remove_add_node_nonallflash_dcfs,Thanuja
cdp.medusa_nike.medusa_nike_integrity_tests.test_medusa_nike_integrity.MedusaNikeIntegrityTest.test_medusa_nike_integrity___nike_detach_attach_nonallflash_dcfs,Thanuja
cdp.medusa_nike.medusa_nike_integrity_tests.test_medusa_nike_integrity.MedusaNikeIntegrityTest.test_medusa_nike_integrity___self_healing_repeated_restarts_acting_drc_crash_nonallflash_dcfs,Thanuja
cdp.medusa_nike.medusa_nike_integrity_tests.test_medusa_nike_integrity.MedusaNikeIntegrityTest.test_medusa_nike_integrity___unhealthy_rapid_attach_detach_nonallflash_dcfs,Thanuja
cdp.nike.error_injection_tests.io_integrity.test_nike_error_injection.NikeErrorInjectionWithIoIntegrity.test_error_injection_with_io_integrity___nike_fault_tolerance_alert_test,Thanuja
cdp.nike.error_injection_tests.io_integrity.test_nike_error_injection.NikeErrorInjectionWithIoIntegrity.test_error_injection_with_io_integrity___staragate_ei_test,Thanuja
cdp.nike.config_change_tests.io_integrity.test_nike_config_change.NikeConfigChangeWithIoIntegrity.test_config_change_with_io_integrity___disk_offline_test,Thanuja
cdp.nike.error_injection_tests.io_integrity.test_nike_error_injection.NikeErrorInjectionWithIoIntegrity.test_error_injection_with_io_integrity___stargate_service_down_ft2_error_injection_test,Thanuja
cdp.nike.error_injection_tests.io_integrity.test_nike_error_injection.NikeErrorInjectionWithIoIntegrity.test_error_injection_with_io_integrity___services_down_ft2_error_injection_test,Thanuja
cdp.nike.error_injection_tests.io_integrity.test_nike_error_injection.NikeErrorInjectionWithIoIntegrity.test_error_injection_with_io_integrity___nike_service_down_ft2_error_injection_test,Thanuja
cdp.nike.error_injection_tests.io_integrity.test_nike_error_injection.NikeErrorInjectionWithIoIntegrity.test_error_injection_with_io_integrity___nike_ft2_error_injection_test,Thanuja
cdp.nike.error_injection_tests.io_integrity.test_nike_error_injection.NikeErrorInjectionWithIoIntegrity.test_error_injection_with_io_integrity___ft2_ei_test,Thanuja
cdp.nike.ft_transition_tests.io_integrity.test_nike_ft_transition.NikeFtTransitionWithIoIntegrity.test_nike_ft_transition_with_io_integrity___ft_transition_test,Thanuja
cdp.nike.error_injection_tests.io_integrity.test_nike_error_injection.NikeErrorInjectionWithIoIntegrity.test_error_injection_with_io_integrity___nike_chakr_cm_ei_during_attach_detach_test,Thanuja
cdp.nike.config_change_tests.io_integrity.test_nike_config_change.NikeConfigChangeWithIoIntegrity.test_config_change_with_io_integrity___one_metadata_disk_replacement_test,Thanuja
cdp.nike.config_change_tests.io_integrity.test_nike_config_change.NikeConfigChangeWithIoIntegrity.test_config_change_with_io_integrity___nike_disk_node_removal_test,Thanuja
cdp.nike.error_injection_tests.io_integrity.test_nike_error_injection.NikeErrorInjectionWithIoIntegrity.test_error_injection_with_io_integrity___degraded_node_for_nike_test,Thanuja
cdp.nike.config_change_tests.io_integrity.test_nike_config_change.NikeConfigChangeWithIoIntegrity.test_config_change_with_io_integrity___nike_node_remove_add_test,Thanuja
cdp.nike.error_injection_tests.io_integrity.test_nike_error_injection.NikeErrorInjectionWithIoIntegrity.test_error_injection_with_io_integrity___stargate_down_test,Thanuja
cdp.nike.error_injection_tests.io_integrity.test_nike_error_injection.NikeErrorInjectionWithIoIntegrity.test_error_injection_with_io_integrity___nike_down_test,Thanuja
chakrdb.nike.error_injection.test_chakrdb_ei.ChakrDBErrorInjectionTest.test,Thanuja
cdp.stargate.mixed_io_integrity.test_mixed.TestMixed~~~NVMe-TCP.test_mixed_ctr_mixed_ei,Thanuja
cdp.stargate.abs.test_unmap.UnmapTest~~~NVMe-TCP.test_unmap,Thanuja
cdp.stargate.abs.test_vg_disk_ops_abs_io_integrity.ABSVGDiskOpsTest~~~NVMe-TCP.test_vg_disk_ops_io_integrity___encryption,Thanuja
cdp.stargate.abs.test_vg_disk_ops_abs_io_integrity.ABSVGDiskOpsTest~~~NVMe-TCP.test_vg_disk_ops_io_integrity,Thanuja
cdp.stargate.abs.test_vg_clone_abs_io_integrity.ABSVGCloneTest~~~NVMe-TCP.test_vg_clone_io_integrity,Thanuja
cdp.stargate.abs.test_shared_vg_abs_io_integrity.ABSSharedVGTest~~~NVMe-TCP.test_shared_vg_io_integrity___power_cycle_svms,Thanuja
cdp.stargate.abs.test_shared_vg_abs_io_integrity.ABSSharedVGTest~~~NVMe-TCP.test_shared_vg_io_integrity___ei,Thanuja
cdp.stargate.abs.test_shared_vg_abs_io_integrity.ABSSharedVGTest~~~NVMe-TCP.test_shared_vg_io_integrity,Thanuja
chakrdb.nike.vnode_movement.test_vnode_movement.VNodeMovementTest.test___failover_failback_of_vnodes_in_mix_modes,Thanuja
chakrdb.nike.vnode_movement.test_vnode_movement.VNodeMovementTest.test___failover_failback_of_vnodes_in_maintenance_mode,Thanuja
chakrdb.nike.vnode_movement.test_vnode_movement.VNodeMovementTest.test___failover_failback_of_vnodes_in_inactive_mode,Thanuja
chakrdb.nike.vnode_movement.test_vnode_movement.VNodeMovementTest.test___vnode_in_inactive,Thanuja
chakrdb.nike.vnode_movement.test_vnode_movement.VNodeMovementTest.test___vnode_in_maintenance,Thanuja
chakrdb.nike.vnode_movement.test_vnode_movement.VNodeMovementTest.test,Thanuja
cdp.medusa_nike.medusa_nike_integrity_tests.test_medusa_nike_integrity.MedusaNikeIntegrityTest.test_medusa_nike_integrity,Thanuja
cdp.medusa_nike.medusa_nike_integrity_tests.test_medusa_nike_integrity.MedusaNikeIntegrityTest.test_medusa_nike_integrity___nonallflash_dcfs,Thanuja
cdp.medusa_nike.medusa_nike_integrity_tests.test_medusa_nike_integrity.MedusaNikeIntegrityTest.test_medusa_nike_integrity___metadata_disk_replacement_nonallflash_dcfs,Thanuja
cdp.medusa_nike.medusa_nike_integrity_tests.test_medusa_nike_integrity.MedusaNikeIntegrityTest.test_medusa_nike_integrity___cassandra_detach_attach_nonallflash_dcfs,Thanuja
cdp.nike.config_change_tests.io_integrity.test_nike_config_change.NikeConfigChangeWithIoIntegrity.test_config_change_with_io_integrity___nike_two_node_remove_add_test,Thanuja
cdp.nike.error_injection_tests.io_integrity.test_nike_error_injection.NikeErrorInjectionWithIoIntegrity.test_error_injection_with_io_integrity___component_error_injection_test,Thanuja
cdp.nike.error_injection_tests.io_integrity.test_nike_error_injection.NikeErrorInjectionWithIoIntegrity.test_error_injection_with_io_integrity___network_error_injection_test,Thanuja
cdp.nike.error_injection_tests.io_integrity.test_nike_error_injection.NikeErrorInjectionWithIoIntegrity.test_error_injection_with_io_integrity___test_nike_ei,Thanuja
cdp.hades.hawk_armor.test_hawk_armor.TestHawkArmor.test_hawk_armor_wal_corrupt,Thanuja
cdp.hades.hawk_armor.test_hawk_armor.TestHawkArmor.test_secure_paths_on_hawk_armor_reset,Thanuja
cdp.hades.hawk_armor.test_hawk_armor.TestHawkArmor.test_hawk_armor_basic_checks_destructive_operation_brownfield,Thanuja
cdp.hades.hawk_armor.test_hawk_armor.TestHawkArmor.test_component_kill_hades,Thanuja
cdp.hades.hawk_armor.test_hawk_armor.TestHawkArmor.test_hawk_armor_basic_checks_destructive_operation_greenfield,Thanuja
cdp.kvstore.mint_large_nike_kvstore.test_mint_large_nike.MintLargeNikeTest.test_mint_large_nike___chakr_cm_ei_during_detach_attach_dcfs_nonallflash,Thanuja
cdp.kvstore.mint_large_nike_kvstore.test_mint_large_nike.MintLargeNikeTest.test_mint_large_nike___unhealthy_rapid_attach_detach_self_healing_acting_drc_crash_dcfs_nonallflash,Thanuja
cdp.kvstore.mint_large_nike_kvstore.test_mint_large_nike.MintLargeNikeTest.test_mint_large_nike___nike_detach_attach_cassandra_detach_attach_dcfs_nonallflash,Thanuja
cdp.kvstore.mint_large_nike_kvstore.test_mint_large_nike.MintLargeNikeTest.test_mint_large_nike___degraded_node_dcfs_nonallflash,Thanuja
cdp.kvstore.mint_large_nike_kvstore.test_mint_large_nike.MintLargeNikeTest.test_mint_large_nike___metadata_disk_replacement_dcfs_nonallflash,Thanuja
cdp.kvstore.mint_large_nike_kvstore.test_mint_large_nike.MintLargeNikeTest.test_mint_large_nike___svm_pc_dcfs_nonallflash,Thanuja
cdp.kvstore.mint_large_nike_kvstore.test_mint_large_nike.MintLargeNikeTest.test_mint_large_nike___nei_dcfs_nonallflash,Thanuja
cdp.kvstore.mint_large_nike_kvstore.test_mint_large_nike.MintLargeNikeTest.test_mint_large_nike___chakr_cm_ei_during_attach_detach_component_ei_dcfs_nonallflash,Thanuja
cdp.kvstore.mint_large_nike_kvstore.test_mint_large_nike.MintLargeNikeTest.test_mint_large_nike___stargate_down_remove_add_node_dcfs_nonallflash,Thanuja
cdp.kvstore.mint_large_nike_kvstore.test_mint_large_nike.MintLargeNikeTest.test_mint_large_nike___nike_ei_stargate_ei_dcfs_nonallflash,Thanuja
cdp.kvstore.mint_large_nike_kvstore.test_mint_large_nike.MintLargeNikeTest.test_mint_large_nike___dcfs_nonallflash,Thanuja
cdp.kvstore.mint_large_nike_kvstore.test_mint_large_nike.MintLargeNikeTest.test_mint_large_nike___remove_add_two_node_ft2_dcfs_nonallflash,Thanuja
cdp.kvstore.mint_large_nike_kvstore.test_mint_large_nike.MintLargeNikeTest.test_mint_large_nike___repeated_stargate_nike_ei_ft2_dcfs_nonallflash,Thanuja
cdp.kvstore.mint_large_nike_kvstore.test_mint_large_nike.MintLargeNikeTest.test_mint_large_nike___nike_double_ei_nike_stargate_down_ft2_dcfs_nonallflash,Thanuja
cdp.kvstore.mint_large_nike_kvstore.test_mint_large_nike.MintLargeNikeTest.test_mint_large_nike___nike_double_down_stargate_double_down_ft2_dcfs_nonallflash,Thanuja
cdp.kvstore.mint_large_nike_kvstore.test_mint_large_nike.MintLargeNikeTest.test_mint_large_nike___ft2_dcfs_nonallflash,Thanuja
cdp.stargate.compute-storage.ahv.test_ahv_compute_ahv_storage_only.TestAHVComputeAHVStorageOnly.test_ahv_co_ahv_storage_host_remove_add_integrity,Thanuja
cdp.stargate.compute-storage.ahv.test_ahv_compute_ahv_storage_only.TestAHVComputeAHVStorageOnly.test_ahv_co_ahv_storage_host_remove_add_integrity_non_svm_poweroff,Thanuja
cdp.stargate.compute-storage.ahv.test_ahv_compute_ahv_storage_only.TestAHVComputeAHVStorageOnly.test_ahv_co_ahv_storage_only_ei_integrity,Thanuja
cdp.stargate.compute-storage.ahv.test_ahv_compute_ahv_storage_only.TestAHVComputeAHVStorageOnly.test_ahv_co_ahv_storage_only_mixed_ei_integrity,Thanuja
cdp.stargate.compute-storage.ahv.test_ahv_compute_ahv_storage_only.TestAHVComputeAHVStorageOnly.test_ahv_co_ahv_storage_only_mixed_ei_snapshot_integrity,Thanuja
cdp.stargate.compute-storage.ahv.test_ahv_compute_ahv_storage_only.TestAHVComputeAHVStorageOnly.test_ahv_co_ahv_storage_only_mixed_integrity,Thanuja
cdp.stargate.compute-storage.ahv.test_ahv_compute_ahv_storage_only.TestAHVComputeAHVStorageOnly.test_ahv_co_ahv_storage_only_mixed_snapshot_integrity,Thanuja
cdp.stargate.compute-storage.ahv.test_ahv_compute_ahv_storage_only.TestAHVComputeAHVStorageOnly.test_ahv_co_ahv_storage_only_mixed_snapshot_integrity_with_vmotion,Thanuja
cdp.stargate.compute-storage.ahv.test_ahv_compute_ahv_storage_only.TestAHVComputeAHVStorageOnly.test_ahv_co_ahv_storage_only_snapshot_ei_integrity_with_vmotion,Thanuja
cdp.stargate.compute-storage.ahv.test_ahv_compute_ahv_storage_only.TestAHVComputeAHVStorageOnly.test_ahv_co_ahv_storage_host_reboot_integrity,Thanuja
cdp.stargate.compute-storage.ahv.test_ahv_compute_ahv_storage_only.TestAHVComputeAHVStorageOnly.test_ahv_co_ahv_storage_only_integrity,Thanuja
cdp.stargate.compute-storage.ahv.test_ahv_compute_ahv_storage_only.TestAHVComputeAHVStorageOnly.test_ahv_co_ahv_storage_cvm_reboot_integrity,Thanuja
cdp.stargate.rdma.iser.test_iser.TestISER.test_data_integrity_with_node_add_removal,Thanuja
cdp.stargate.rdma.iser.test_iser.TestISER.test_data_integrity_with_host_reboots,Thanuja
cdp.stargate.rdma.iser.test_iser.TestISER.test_data_integrity_with_cvm_reboots,Thanuja
cdp.stargate.rdma.iser.test_iser.TestISER.test_ei_vmotion_with_iser,Thanuja
cdp.stargate.rdma.iser.test_iser.TestISER.test_vmotion_with_iser,Thanuja
cdp.stargate.rdma.iser.test_iser.TestISER.test_mixed_snapshot_integrity_ei_with_iser,Thanuja
cdp.stargate.rdma.iser.test_iser.TestISER.test_mixed_snapshot_integrity_with_iser,Thanuja
cdp.stargate.rdma.iser.test_iser.TestISER.test_mixed_error_injected_io_integrity_with_iser,Thanuja
cdp.stargate.rdma.test_io_integrity_rdma.RDMAIOIntegrityTest.test_io_integrity___switch,Thanuja
cdp.stargate.rdma.test_io_integrity_rdma.RDMAIOIntegrityTest.test_io_integrity___snapshot,Thanuja
cdp.stargate.rdma.test_io_integrity_rdma.RDMAIOIntegrityTest.test_io_integrity___network_ei,Thanuja
cdp.stargate.rdma.iser.test_iser.TestISER.test_mixed_io_integrity_with_iser,Thanuja
cdp.stargate.rdma.iser.test_iser.TestISER.test_error_injected_io_integrity_with_iser,Thanuja
cdp.stargate.rdma.test_io_integrity_rdma.RDMAIOIntegrityTest.test_io_integrity___ei,Thanuja
cdp.stargate.rdma.iser.test_iser.TestISER.test_io_integrity_with_iser,Thanuja
cdp.stargate.rdma.iser.test_iser.TestISER.test_data_integrity_with_node_add_removal_non_svm_poweroff,Thanuja
cdp.stargate.rdma.test_io_integrity_rdma.RDMAIOIntegrityTest.test_io_integrity___svm_cycle,Thanuja
manageability.ui.pe.home_page.test_storage_summary_widget.StorageSummaryWidgetTest.test_storage_summary_widget___host_down_block_aware_rf2,Suryaprabha
manageability.ui.pc.recycle_bin_widget.test_recycle_bin_widget.RecycleBinWidget.test_recycle_bin_on_summary_page___disable_retention,Suryaprabha
manageability.ui.pc.recycle_bin_widget.test_recycle_bin_widget.RecycleBinWidget.test_recycle_bin_on_summary_page,Suryaprabha
manageability.ui.pc.recycle_bin_widget.test_recycle_bin_widget.RecycleBinWidget.test_recycle_bin_on_list_page,Suryaprabha
manageability.ui.pc.recycle_bin_widget.test_recycle_bin_widget.RecycleBinWidget.test_recycle_bin_on_instance_page___disable_retention,Suryaprabha
manageability.ui.pc.recycle_bin_widget.test_recycle_bin_widget.RecycleBinWidget.test_recycle_bin_on_instance_page,Suryaprabha
manageability.ui.pc.rebuild_reservation_pc.test_rebuild_reservation.RebuildReservation.test_rebuild_reservation_on_list_and_summary_page,Suryaprabha
manageability.ui.pc.rebuild_reservation_pc.test_rebuild_reservation.RebuildReservation.test_rebuild_reservation_on_instance_page,Suryaprabha
manageability.ui.pc.rebuild_reservation_pc.test_rebuild_reservation.RebuildReservation.test_rebuild_reservation_on_dashboard_page,Suryaprabha
manageability.ui.pc.storage_policy.test_storage_policy.StoragePolicy.test_sp_config_on_vg_list_and_instance_page___clusterscope_encryption_configured,Suryaprabha
manageability.ui.pc.storage_policy.test_storage_policy.StoragePolicy.test_sp_config_on_vm_list_and_instance_page___clusterscope_encryption_configured,Suryaprabha
manageability.ui.pc.storage_widget.test_storage_summary.StorageSummary.test_list_page___WarnRebuildON,Suryaprabha
manageability.ui.pc.storage_widget.test_storage_summary.StorageSummary.test_list_page___Warn,Suryaprabha
manageability.ui.pc.storage_widget.test_storage_summary.StorageSummary.test_list_page___NearCriticalRebuildON,Suryaprabha
manageability.ui.pc.storage_widget.test_storage_summary.StorageSummary.test_list_page___DefaultRebuildON,Suryaprabha
manageability.ui.pc.storage_widget.test_storage_summary.StorageSummary.test_list_page___Default,Suryaprabha
manageability.ui.pc.storage_widget.test_storage_summary.StorageSummary.test_list_page,Suryaprabha
manageability.ui.pc.storage_widget.test_storage_summary.StorageSummary.test_instance_page___WarnRebuildON,Suryaprabha
manageability.ui.pc.storage_widget.test_storage_summary.StorageSummary.test_instance_page___NearCriticalRebuildON,Suryaprabha
manageability.ui.pc.storage_widget.test_storage_summary.StorageSummary.test_instance_page___DefaultRebuildON,Suryaprabha
manageability.ui.pc.storage_widget.test_storage_summary.StorageSummary.test_instance_page,Suryaprabha
cdp.stargate.domain_awareness.test_strict_domain_enforcement.StrictDomainEnforcementTest.test_strict_domain_enforcement___rack_aware,Suryaprabha
cdp.external_storage.castor.test_castor.TestCastor~~~DellPowerStore.test_external_storage_castor___kConfigFailed_workflow,Suryaprabha
cdp.external_storage.castor.test_castor.TestCastor~~~DellPowerFlex.test_external_storage_castor___kConfigFailed_workflow,Suryaprabha
cdp.external_storage.castor.test_castor.TestCastor~~~PureStorage.test_external_storage_castor___kConfigFailed_workflow,Suryaprabha
manageability.ui.pe.home_page.test_storage_summary_widget.StorageSummaryWidgetTest.test_storage_summary_widget___svm_down_rack_aware_rf2,Suryaprabha
manageability.ui.pe.home_page.test_storage_summary_widget.StorageSummaryWidgetTest.test_storage_summary_widget___rack_to_node_awareness_rf2,Suryaprabha
manageability.ui.pe.home_page.test_data_resiliency_widget.DataResiliencyTest.test_data_resiliency_widget___node_to_rack_awareness_rf2,Suryaprabha
manageability.ui.pe.home_page.test_data_resiliency_widget.DataResiliencyTest.test_data_resiliency_widget___node_to_block_awareness_rf2,Suryaprabha
manageability.ui.pe.home_page.test_data_resiliency_widget.DataResiliencyTest.test_data_resiliency_widget___metadata_rebuild_rack_aware_rf2,Suryaprabha
manageability.ui.pe.home_page.test_data_resiliency_widget.DataResiliencyTest.test_data_resiliency_widget___metadata_rebuild_block_aware_rf2,Suryaprabha
manageability.ui.pe.home_page.test_data_resiliency_widget.DataResiliencyTest.test_data_resiliency_widget___reduce_static_config_rack_aware_rf2,Suryaprabha
manageability.ui.pe.home_page.test_data_resiliency_widget.DataResiliencyTest.test_data_resiliency_widget___reduce_static_config_block_aware_rf2,Suryaprabha
manageability.ui.pe.home_page.test_data_resiliency_widget.DataResiliencyTest.test_data_resiliency_widget___node_down_rack_aware_rf2,Suryaprabha
manageability.ui.pe.home_page.test_data_resiliency_widget.DataResiliencyTest.test_data_resiliency_widget___node_down_node_aware_rf2,Suryaprabha
manageability.ui.pe.home_page.test_data_resiliency_widget.DataResiliencyTest.test_data_resiliency_widget___node_down_block_aware_rf2,Suryaprabha
manageability.ui.pe.vm.rf1.test_rf1_workflow.RF1WorkflowTest.test_container_and_vm_creation,Suryaprabha
manageability.ui.pe.home_page.test_storage_summary_widget.StorageSummaryWidgetTest.test_storage_summary_widget___svm_down_node_aware_rf2,Suryaprabha
manageability.ui.pe.home_page.test_storage_summary_widget.StorageSummaryWidgetTest.test_storage_summary_widget___svm_down_block_aware_rf2,Suryaprabha
manageability.ui.pe.home_page.test_storage_summary_widget.StorageSummaryWidgetTest.test_storage_summary_widget___node_to_rack_awareness_rf2,Suryaprabha
manageability.ui.pe.home_page.test_storage_summary_widget.StorageSummaryWidgetTest.test_storage_summary_widget___node_to_block_awareness_rf2,Suryaprabha
manageability.ui.pe.home_page.test_storage_summary_widget.StorageSummaryWidgetTest.test_storage_summary_widget___host_down_rack_aware_rf2,Suryaprabha
manageability.ui.pc.volume_groups.project_isolation.test_vg_project_isolation_ui.TestVGProjectIsolationUI.test_vg_project_isolation_ui,Suryaprabha
cdp.stargate.volume_group.project_isolation.test_vg_project_isolation.TestVGProjectIsolation.test_vg_project_isolation,Suryaprabha
cdp.stargate.volume_group.grbac.test_volume_group_attachment_rbac.TestVolumeGroupAttachmentRBAC~~~Projects.test_volume_group_external_attachment_update,Suryaprabha
cdp.stargate.volume_group.grbac.test_volume_group_attachment_rbac.TestVolumeGroupAttachmentRBAC~~~Projects.test_volume_group_external_attachment_get,Suryaprabha
cdp.stargate.volume_group.grbac.test_volume_group_attachment_rbac.TestVolumeGroupAttachmentRBAC~~~Projects.test_volume_group_attachment_list,Suryaprabha
cdp.stargate.volume_group.grbac.test_volume_group_attachment_rbac.TestVolumeGroupAttachmentRBAC~~~Projects.test_volume_group_attachment_delete,Suryaprabha
cdp.stargate.volume_group.grbac.test_volume_group_attachment_rbac.TestVolumeGroupAttachmentRBAC~~~Projects.test_volume_group_attachment_create,Suryaprabha
cdp.stargate.volume_group.grbac.test_volume_group_rbac.TestVolumeGroupRBAC~~~Projects.test_volume_group_update,Suryaprabha
cdp.stargate.volume_group.grbac.test_volume_group_rbac.TestVolumeGroupRBAC~~~Projects.test_volume_group_list,Suryaprabha
cdp.stargate.volume_group.grbac.test_volume_group_rbac.TestVolumeGroupRBAC~~~Projects.test_volume_group_get,Suryaprabha
cdp.stargate.volume_group.grbac.test_volume_group_rbac.TestVolumeGroupRBAC~~~Projects.test_volume_group_delete,Suryaprabha
cdp.stargate.volume_group.grbac.test_volume_group_rbac.TestVolumeGroupRBAC~~~Projects.test_volume_group_create,Suryaprabha
cdp.stargate.volume_group.grbac.test_volume_group_disk_rbac.TestVolumeGroupDiskRBAC~~~Projects.test_volume_group_disk_update,Suryaprabha
cdp.stargate.volume_group.grbac.test_volume_group_disk_rbac.TestVolumeGroupDiskRBAC~~~Projects.test_volume_group_disk_list,Suryaprabha
cdp.stargate.volume_group.grbac.test_volume_group_disk_rbac.TestVolumeGroupDiskRBAC~~~Projects.test_volume_group_disk_get,Suryaprabha
cdp.stargate.volume_group.grbac.test_volume_group_disk_rbac.TestVolumeGroupDiskRBAC~~~Projects.test_volume_group_disk_delete,Suryaprabha
cdp.stargate.volume_group.grbac.test_volume_group_disk_rbac.TestVolumeGroupDiskRBAC~~~Projects.test_volume_group_disk_create,Suryaprabha
cdp.stargate.volume_group.grbac.test_volume_group_category_rbac.TestVolumeGroupCategoryRBAC~~~Projects.test_volume_group_get_vg_category_association,Suryaprabha
cdp.stargate.volume_group.grbac.test_volume_group_category_rbac.TestVolumeGroupCategoryRBAC~~~Projects.test_volume_group_category_disassociate,Suryaprabha
cdp.stargate.volume_group.grbac.test_volume_group_category_rbac.TestVolumeGroupCategoryRBAC~~~Projects.test_volume_group_category_associate,Suryaprabha
cdp.stargate.volume_groups.nvmf_pr.test_vg_nvmf_pr.VGNVMFPRTest.test_verify_scale_pr___svm_reboot,Suryaprabha
cdp.stargate.volume_groups.nvmf_pr.test_vg_nvmf_pr.VGNVMFPRTest.test_verify_scale_pr___vm_reboot,Suryaprabha
cdp.stargate.volume_groups.nvmf_pr.test_vg_nvmf_pr.VGNVMFPRTest.test_verify_scale_pr___kill_cassandra_stargate,Suryaprabha
cdp.stargate.volume_groups.nvmf_pr.test_vg_nvmf_pr.VGNVMFPRTest.test_verify_invalid_pr_commands,Suryaprabha
manageability.ui.pc.qos.test_qos.QOSTest.test_set_invalid_throughput_for_single_vm,Suryaprabha
manageability.api.enhanced_pc_rbac.containers.test_rbac_containers.TestRbacContainers.test_rbac_containers,Suryaprabha
cdp.stargate.volume_group.test_vg_v4_api.TestVGV4Api~~~V40a3.test_volume_error_injection___vg_create_castor_crash_retry_after_up,Suryaprabha
cdp.stargate.volume_group.test_vg_v4_api.TestVGV4Api.test_vg_disk_pagination,Suryaprabha
cdp.stargate.volume_group.test_vg_v4_api.TestVGV4Api.test_vg_disk_crud___stress_multi_vg,Suryaprabha
manageability.ui.pe.home_page.test_storage_summary_widget.StorageSummaryWidgetTest.test_storage_summary_widget___rack_aware_ftc_enforced,Suryaprabha
manageability.ui.pe.home_page.test_storage_summary_widget.StorageSummaryWidgetTest.test_storage_summary_widget___svm_down_rack_aware_rf3,Suryaprabha
manageability.ui.pe.home_page.test_storage_summary_widget.StorageSummaryWidgetTest.test_storage_summary_widget___svm_down_node_aware_rf3,Suryaprabha
manageability.ui.pe.home_page.test_storage_summary_widget.StorageSummaryWidgetTest.test_storage_summary_widget___svm_down_block_aware_rf3,Suryaprabha
manageability.ui.pe.home_page.test_storage_summary_widget.StorageSummaryWidgetTest.test_storage_summary_widget___rack_to_node_awareness_rf3,Suryaprabha
manageability.ui.pe.home_page.test_storage_summary_widget.StorageSummaryWidgetTest.test_storage_summary_widget___node_to_rack_awareness_rf3,Suryaprabha
manageability.ui.pe.home_page.test_storage_summary_widget.StorageSummaryWidgetTest.test_storage_summary_widget___node_to_block_awareness_rf3,Suryaprabha
manageability.ui.pe.home_page.test_storage_summary_widget.StorageSummaryWidgetTest.test_storage_summary_widget___host_down_rack_aware_rf3,Suryaprabha
manageability.ui.pe.home_page.test_storage_summary_widget.StorageSummaryWidgetTest.test_storage_summary_widget___host_down_node_aware_rf3,Suryaprabha
manageability.ui.pe.home_page.test_storage_summary_widget.StorageSummaryWidgetTest.test_storage_summary_widget___disk_remove_rack_aware_rf3,Suryaprabha
manageability.ui.pe.home_page.test_storage_summary_widget.StorageSummaryWidgetTest.test_storage_summary_widget___disk_remove_node_aware_rf3,Suryaprabha
manageability.ui.pe.home_page.test_storage_summary_widget.StorageSummaryWidgetTest.test_storage_summary_widget___disk_remove_block_aware_rf3,Suryaprabha
manageability.ui.pe.home_page.test_storage_summary_widget.StorageSummaryWidgetTest.test_storage_summary_widget___block_to_node_awareness_rf3,Suryaprabha
manageability.ui.pe.home_page.test_data_resiliency_widget.DataResiliencyTest.test_data_resiliency_widget___rack_to_node_awareness_rf3,Suryaprabha
manageability.ui.pe.home_page.test_data_resiliency_widget.DataResiliencyTest.test_data_resiliency_widget___node_to_rack_awareness_rf3,Suryaprabha
manageability.ui.pe.home_page.test_data_resiliency_widget.DataResiliencyTest.test_data_resiliency_widget___node_to_block_awareness_rf3,Suryaprabha
manageability.ui.pe.home_page.test_data_resiliency_widget.DataResiliencyTest.test_data_resiliency_widget___disk_offline_node_aware_rf3,Suryaprabha
manageability.ui.pe.home_page.test_data_resiliency_widget.DataResiliencyTest.test_data_resiliency_widget___increase_cluster_rf_rack_aware,Suryaprabha
manageability.ui.pe.home_page.test_data_resiliency_widget.DataResiliencyTest.test_data_resiliency_widget___increase_cluster_rf_node_aware,Suryaprabha
manageability.ui.pe.home_page.test_data_resiliency_widget.DataResiliencyTest.test_data_resiliency_widget___increase_cluster_rf_block_aware,Suryaprabha
manageability.ui.pe.home_page.test_data_resiliency_widget.DataResiliencyTest.test_data_resiliency_widget___disk_offline_rack_aware_rf3,Suryaprabha
manageability.ui.pe.home_page.test_data_resiliency_widget.DataResiliencyTest.test_data_resiliency_widget___disk_offline_block_aware_rf3,Suryaprabha
manageability.ui.pe.home_page.test_data_resiliency_widget.DataResiliencyTest.test_data_resiliency_widget___low_rebuild_capacity_rack_aware_rf3,Suryaprabha
manageability.ui.pe.home_page.test_data_resiliency_widget.DataResiliencyTest.test_data_resiliency_widget___low_rebuild_capacity_node_aware_rf3,Suryaprabha
manageability.ui.pe.home_page.test_data_resiliency_widget.DataResiliencyTest.test_data_resiliency_widget___low_rebuild_capacity_block_aware_rf3,Suryaprabha
manageability.ui.pe.home_page.test_data_resiliency_widget.DataResiliencyTest.test_data_resiliency_widget___reduce_static_config_block_aware_rf3,Suryaprabha
manageability.ui.pe.home_page.test_data_resiliency_widget.DataResiliencyTest.test_data_resiliency_widget___node_down_rack_aware_rf3,Suryaprabha
manageability.ui.pe.home_page.test_data_resiliency_widget.DataResiliencyTest.test_data_resiliency_widget___node_down_node_aware_rf3,Suryaprabha
manageability.ui.pe.home_page.test_data_resiliency_widget.DataResiliencyTest.test_data_resiliency_widget___node_down_block_aware_rf3,Suryaprabha
manageability.ui.pe.home_page.test_data_resiliency_widget.DataResiliencyTest.test_data_resiliency_widget___low_rebuild_capacity_rack_aware_rf2,Suryaprabha
manageability.ui.pe.home_page.test_data_resiliency_widget.DataResiliencyTest.test_data_resiliency_widget___low_rebuild_capacity_node_aware_rf2,Suryaprabha
manageability.ui.pe.home_page.test_data_resiliency_widget.DataResiliencyTest.test_data_resiliency_widget___low_rebuild_capacity_block_aware_rf2,Suryaprabha
manageability.ui.pe.home_page.test_data_resiliency_widget.DataResiliencyTest.test_data_resiliency_widget___disk_offline_rack_aware_rf2,Suryaprabha
manageability.ui.pe.home_page.test_data_resiliency_widget.DataResiliencyTest.test_data_resiliency_widget___disk_offline_node_aware_rf2,Suryaprabha
manageability.ui.pe.home_page.test_data_resiliency_widget.DataResiliencyTest.test_data_resiliency_widget___disk_offline_block_aware_rf2,Suryaprabha
manageability.ui.pe.rack_awareness.test_rack_awareness.RackAwarenessTest.test_viewer_user_has_only_read_permissions,Suryaprabha
manageability.ui.pe.rack_awareness.test_rack_awareness.RackAwarenessTest.test_verify_search_blocks_or_nodes_based_on_input,Suryaprabha
manageability.ui.pe.rack_awareness.test_rack_awareness.RackAwarenessTest.test_verify_display_warning_message_for_non_pro_license,Suryaprabha
manageability.ui.pe.rack_awareness.test_rack_awareness.RackAwarenessTest.test_verify_configure_rack_aware_with_rest___zh_CN,Suryaprabha
manageability.ui.pe.rack_awareness.test_rack_awareness.RackAwarenessTest.test_verify_configure_rack_aware_with_rest___rf3,Suryaprabha
manageability.ui.pe.rack_awareness.test_rack_awareness.RackAwarenessTest.test_verify_configure_rack_aware_with_rest___ja_JP,Suryaprabha
manageability.ui.pe.rack_awareness.test_rack_awareness.RackAwarenessTest.test_verify_configure_rack_aware_with_rest,Suryaprabha
manageability.ui.pe.rack_awareness.test_expand_cluster.ExpandClusterTest.test_verify_new_block_with_rack_mapping,Suryaprabha
manageability.ui.pe.rack_awareness.test_rack_awareness.RackAwarenessTest.test_verify_search_blocks_or_nodes_based_on_input___advanced_search,Suryaprabha
manageability.ui.pe.rack_awareness.test_rack_awareness.RackAwarenessTest.test_verify_configure_rack_aware_with_rest___rf3_ft1,Suryaprabha
manageability.ui.pe.rack_awareness.test_rack_awareness.RackAwarenessTest.test_verify_update_rack_name_with_rest___zh_CN,Suryaprabha
manageability.ui.pe.rack_awareness.test_rack_awareness.RackAwarenessTest.test_verify_update_rack_name_with_rest___ja_JP,Suryaprabha
manageability.ui.pe.rack_awareness.test_rack_awareness.RackAwarenessTest.test_verify_update_rack_name_with_rest,Suryaprabha
manageability.ui.pe.rack_awareness.test_rack_awareness.RackAwarenessTest.test_verify_update_rack_name_fails_when_ft_rack,Suryaprabha
manageability.ui.pe.rack_awareness.test_rack_awareness.RackAwarenessTest.test_verify_swap_blocks_within_racks,Suryaprabha
manageability.ui.pe.rack_awareness.test_rack_awareness.RackAwarenessTest.test_verify_search_blocks_or_nodes_with_invalid_inputs,Suryaprabha
manageability.ui.pe.rack_awareness.test_rack_awareness.RackAwarenessTest.test_verify_remove_add_rack_with_same_name,Suryaprabha
manageability.ui.pe.rack_awareness.test_rack_awareness.RackAwarenessTest.test_verify_rack_config_optional_message,Suryaprabha
manageability.ui.pe.rack_awareness.test_rack_awareness.RackAwarenessTest.test_verify_empty_rack_name_display_message,Suryaprabha
manageability.ui.pe.rack_awareness.test_rack_awareness.RackAwarenessTest.test_verify_duplicate_rack_names,Suryaprabha
manageability.ui.pe.rack_awareness.test_rack_awareness.RackAwarenessTest.test_verify_click_on_block_serials_opens_info_popup,Suryaprabha
manageability.ui.pe.rack_awareness.test_rack_awareness.RackAwarenessTest.test_verify_cancel_updated_rack_config,Suryaprabha
manageability.ui.pe.rack_awareness.test_rack_awareness.RackAwarenessTest.test_verify_block_ft_display_proper_message_with_given_config_rf_3,Suryaprabha
manageability.ui.pe.rack_awareness.test_rack_awareness.RackAwarenessTest.test_verify_block_ft_accepts_given_config_with_rf_two,Suryaprabha
dr.ahv_sync_rep.vg_sync_rep.castor_smoke.test_volume_group_rest_v3.VolumeGroupRestV3Test.test_vg_update,Suryaprabha
dr.ahv_sync_rep.vg_sync_rep.castor_smoke.test_volume_group_rest_v3.VolumeGroupRestV3Test.test_vg_clone,Suryaprabha
dr.ahv_sync_rep.vg_sync_rep.castor_smoke.test_volume_group_rest_v3.VolumeGroupRestV3Test.test_disk_update,Suryaprabha
dr.ahv_sync_rep.vg_sync_rep.castor_smoke.test_volume_group_rest_v3.VolumeGroupRestV3Test.test_disk_add,Suryaprabha
dr.ahv_sync_rep.vg_sync_rep.castor_smoke.test_volume_group_rest_v3.VolumeGroupRestV3Test.test_create_vg,Suryaprabha
dr.ahv_sync_rep.vg_sync_rep.castor_smoke.test_volume_group_rest_v3.VolumeGroupRestV3Test.test_clone_from_disk,Suryaprabha
dr.ahv_sync_rep.vg_sync_rep.castor_smoke.test_volume_group_rest_v3.VolumeGroupRestV3Test.test_attach_external,Suryaprabha
dr.ahv_sync_rep.vg_sync_rep.castor_smoke.test_volume_group_rest_v3.VolumeGroupRestV3Test.test_advanced_control,Suryaprabha
dr.ahv_sync_rep.vg_sync_rep.castor_smoke.test_volume_group_acli.VolumeGroupAcliTest.test_update_vg,Suryaprabha
dr.ahv_sync_rep.vg_sync_rep.castor_smoke.test_volume_group_acli.VolumeGroupAcliTest.test_direct_attach_vg_to_vm,Suryaprabha
dr.ahv_sync_rep.vg_sync_rep.castor_smoke.test_volume_group_acli.VolumeGroupAcliTest.test_create_vg,Suryaprabha
dr.ahv_sync_rep.vg_sync_rep.castor_smoke.test_volume_group_acli.VolumeGroupAcliTest.test_attach_external,Suryaprabha
cdp.stargate.volume_group_load_balancing.test_vg_load_balancing.VGLoadBalancingTests~~~RF1_Support.test_vg_lb___failover_failback,Suryaprabha
cdp.stargate.volume_group_load_balancing.test_vg_load_balancing.VGLoadBalancingTests.test_vg_lb___snapshot_with_ei_with_lb_on_some_vgs,Suryaprabha
cdp.stargate.volume_group_load_balancing.test_vg_load_balancing.VGLoadBalancingTests.test_vg_lb___snapshot_with_ei,Suryaprabha
cdp.stargate.volume_group_load_balancing.test_vg_load_balancing.VGLoadBalancingTests.test_vg_lb___limits,Suryaprabha
manageability.ui.pe.home_page.test_data_resiliency_widget.DataResiliencyTest.test_data_resiliency_widget___reduce_static_config_rack_aware_rf3,Suryaprabha
manageability.ui.pe.home_page.test_storage_summary_widget.StorageSummaryWidgetTest.test_storage_summary_widget___host_down_block_aware_rf3,Suryaprabha
manageability.ui.pe.home_page.test_storage_summary_widget.StorageSummaryWidgetTest.test_storage_summary_widget___node_aware_ftc_enforced,Suryaprabha
manageability.ui.pe.home_page.test_storage_summary_widget.StorageSummaryWidgetTest.test_storage_summary_widget___block_aware_ftc_enforced,Suryaprabha
manageability.ui.pe.home_page.test_storage_summary_widget.StorageSummaryWidgetTest.test_storage_summary_widget___increase_cluster_rf_rack_aware,Suryaprabha
manageability.ui.pe.home_page.test_storage_summary_widget.StorageSummaryWidgetTest.test_storage_summary_widget___increase_cluster_rf_block_aware,Suryaprabha
manageability.ui.pe.home_page.test_storage_summary_widget.StorageSummaryWidgetTest.test_storage_summary_widget___host_down_node_aware_rf2,Suryaprabha
manageability.ui.pe.home_page.test_storage_summary_widget.StorageSummaryWidgetTest.test_storage_summary_widget___disk_remove_rack_aware_rf2,Suryaprabha
manageability.ui.pe.home_page.test_storage_summary_widget.StorageSummaryWidgetTest.test_storage_summary_widget___disk_remove_node_aware_rf2,Suryaprabha
manageability.ui.pe.home_page.test_storage_summary_widget.StorageSummaryWidgetTest.test_storage_summary_widget___disk_remove_block_aware_rf2,Suryaprabha
manageability.ui.pe.home_page.test_storage_summary_widget.StorageSummaryWidgetTest.test_storage_summary_widget___decrease_container_rf_rack_aware,Suryaprabha
manageability.ui.pe.home_page.test_storage_summary_widget.StorageSummaryWidgetTest.test_storage_summary_widget___decrease_container_rf_node_aware,Suryaprabha
manageability.ui.pe.home_page.test_storage_summary_widget.StorageSummaryWidgetTest.test_storage_summary_widget___decrease_container_rf_block_aware,Suryaprabha
manageability.ui.pe.home_page.test_storage_summary_widget.StorageSummaryWidgetTest.test_storage_summary_widget___block_to_node_awareness_rf2,Suryaprabha
manageability.ui.pe.home_page.test_data_resiliency_widget.DataResiliencyTest.test_data_resiliency_widget___decrease_container_rf_rack_aware,Suryaprabha
manageability.ui.pe.home_page.test_data_resiliency_widget.DataResiliencyTest.test_data_resiliency_widget___decrease_container_rf_node_aware,Suryaprabha
manageability.ui.pe.home_page.test_data_resiliency_widget.DataResiliencyTest.test_data_resiliency_widget___decrease_container_rf_block_aware,Suryaprabha
manageability.ui.pe.home_page.test_data_resiliency_widget.DataResiliencyTest.test_data_resiliency_widget___rack_to_node_awareness_rf2,Suryaprabha
manageability.ui.pe.rack_awareness.test_rack_awareness.RackAwarenessTest.test_verify_adding_all_blocks_to_a_rack,Suryaprabha
manageability.ui.pe.rack_awareness.test_rack_awareness.RackAwarenessTest.test_verify_remove_rack_with_common_pool___rf3,Suryaprabha
manageability.ui.pe.rack_awareness.test_rack_awareness.RackAwarenessTest.test_verify_remove_rack_with_common_pool,Suryaprabha
manageability.ui.pe.rack_awareness.test_rack_awareness.RackAwarenessTest.test_verify_remove_a_rack_and_add_those_blocks_or_nodes_to_other_racks,Suryaprabha
manageability.ui.pe.rack_awareness.test_rack_awareness.RackAwarenessTest.test_verify_remove_a_block_from_rack_with_common_pool,Suryaprabha
manageability.ui.pe.rack_awareness.test_rack_awareness.RackAwarenessTest.test_verify_reconfigure_rack_awareness,Suryaprabha
manageability.ui.pe.rack_awareness.test_rack_awareness.RackAwarenessTest.test_verify_rack_details_with_rest,Suryaprabha
manageability.ui.pe.rack_awareness.test_rack_awareness.RackAwarenessTest.test_verify_feature_kill_switch,Suryaprabha
manageability.ui.pe.rack_awareness.test_rack_awareness.RackAwarenessTest.test_verify_all_nodes_discovered_with_rest,Suryaprabha
manageability.ui.pe.rack_awareness.test_expand_cluster.ExpandClusterTest.test_verify_new_block_and_new_rack_with_rack_mapping,Suryaprabha
manageability.ui.pe.rack_awareness.test_expand_cluster.ExpandClusterTest.test_verify_expand_cluster_popup_with_no_rack_mapping,Suryaprabha
rest.test_volume_group_v3.VolumeGroupRestTest.test_vg_update,Suryaprabha
rest.test_volume_group_v3.VolumeGroupRestTest.test_vg_clone,Suryaprabha
rest.test_volume_group_v3.VolumeGroupRestTest.test_disk_update,Suryaprabha
rest.test_volume_group_v3.VolumeGroupRestTest.test_disk_add,Suryaprabha
rest.test_volume_group_v3.VolumeGroupRestTest.test_create_vg,Suryaprabha
rest.test_volume_group_v3.VolumeGroupRestTest.test_clone_from_disk,Suryaprabha
rest.test_volume_group_v3.VolumeGroupRestTest.test_attach_external,Suryaprabha
cdp.stargate.abs.test_parallel_vg_ops.TestVolumeGroupOps.test_volume_group_ops,Suryaprabha
cdp.stargate.volume_group.negative.test_vg_v4_api_negative.TestVGV4ApiNegative.test_invalid_external_attachment_create___nvmf,Suryaprabha
cdp.stargate.volume_group.negative.test_vg_v4_api_negative.TestVGV4ApiNegative.test_invalid_external_attachment_create___iqn_nqn,Suryaprabha
cdp.stargate.volume_group.grbac.test_volume_group_attachment_rbac.TestVolumeGroupAttachmentRBAC.test_volume_group_external_attachment_get,Suryaprabha
cdp.stargate.volume_group.grbac.test_volume_group_attachment_rbac.TestVolumeGroupAttachmentRBAC.test_volume_group_attachment_list,Suryaprabha
cdp.stargate.volume_group.grbac.test_volume_group_attachment_rbac.TestVolumeGroupAttachmentRBAC.test_volume_group_attachment_delete,Suryaprabha
cdp.stargate.volume_group.grbac.test_volume_group_attachment_rbac.TestVolumeGroupAttachmentRBAC.test_volume_group_attachment_create,Suryaprabha
cdp.stargate.volume_group.odata.test_vg_list_with_odata_support.TestVGListWithOdataSupport.test_vg_external_attachment_list_with_odata_support_rbac_user___nvmf,Suryaprabha
cdp.stargate.volume_group.odata.test_vg_list_with_odata_support.TestVGListWithOdataSupport.test_vg_external_attachment_list_with_odata_support___nvmf,Suryaprabha
cdp.stargate.volume_group.odata.test_nvmf_list_with_odata_support.TestListWithOdataSupport.test_nvmf_list_with_odata_support,Suryaprabha
cdp.stargate.volume_group.test_vg_v4_api.TestVGV4Api.test_vg_clone_with_attachment___iqn_nqn,Suryaprabha
cdp.stargate.volume_group.test_vg_v4_api.TestVGV4Api.test_vg_external_attachment___iqn_nqn,Suryaprabha
cdp.stargate.volume_group_load_balancing.test_vg_load_balancing.VGLoadBalancingTests.test_vg_lb___failover_failback,Suryaprabha
cdp.stargate.volume_group.negative.test_vg_v4_api_negative.TestVGV4ApiNegative.test_invalid_disk_create,Suryaprabha
cdp.stargate.volume_group.negative.test_vg_v4_api_negative.TestVGV4ApiNegative.test_invalid_category_operation,Suryaprabha
cdp.stargate.volume_group.negative.test_vg_v4_api_negative.TestVGV4ApiNegative.test_invalid_vg_vm_attachment_operations,Suryaprabha
cdp.stargate.volume_group.negative.test_vg_v4_api_negative.TestVGV4ApiNegative.test_invalid_get,Suryaprabha
manageability.api.enhanced_pc_rbac.iscsi_clients.test_rbac_iscsi_clients.TestRbacIscsiClients.test_rbac_iscsi_clients,Suryaprabha
manageability.ui.pe.home_page.test_storage_summary_widget.StorageSummaryWidgetTest.test_storage_summary_widget___increase_cluster_rf_node_aware,Suryaprabha
cdp.stargate.volume_group.negative.test_vg_v4_api_negative.TestVGV4ApiNegative.test_invalid_external_attachment_update,Suryaprabha
cdp.stargate.volume_group.negative.test_vg_v4_api_negative.TestVGV4ApiNegative.test_invalid_external_attachment_create,Suryaprabha
cdp.stargate.volume_group.negative.test_vg_v4_api_negative.TestVGV4ApiNegative.test_invalid_vg_create,Suryaprabha
manageability.api.enhanced_pc_rbac.volume_groups.test_rbac_volume_groups.TestRbacVolumeGroups.test_rbac_volume_group,Suryaprabha
cdp.stargate.volume_group.negative.test_vg_v4_api_negative.TestVGV4ApiNegative.test_volume_invalid_licensing_field,Suryaprabha
cdp.stargate.volume_group.negative.test_vg_v4_api_negative.TestVGV4ApiNegative.test_invalid_vg_update,Suryaprabha
manageability.api.enhanced_pc_rbac.hades.test_rbac_hades.TestRbacHades.test_rbac_hades,Suryaprabha
cdp.stargate.volume_group.odata.test_iscsi_list_with_odata_support.TestListWithOdataSupport.test_iscsi_list_with_odata_support,Suryaprabha
cdp.stargate.volume_group.negative.test_vg_v4_api_negative.TestVGV4ApiNegative.test_invalid_delete,Suryaprabha
cdp.stargate.volume_group.negative.test_vg_v4_api_negative.TestVGV4ApiNegative.test_invalid_disk_update,Suryaprabha
manageability.ui.pc.storage_widget.test_storage_summary.StorageSummary.test_widget_element_listpage,Suryaprabha
manageability.ui.pc.storage_widget.test_storage_provisioning.StorageOverProvisioning.test_widget_element_dashboard_cluster_list___Dashboard,Suryaprabha
manageability.ui.pc.storage_widget.test_storage_provisioning.StorageOverProvisioning.test_widget_element_dashboard_cluster_list,Suryaprabha
manageability.ui.pc.storage_widget.test_storage_provisioning.StorageOverProvisioning.test_widget_element_cluster_instance,Suryaprabha
manageability.ui.pc.storage_widget.test_storage_provisioning.StorageOverProvisioning.test_storage_provisioning_dashboard,Suryaprabha
manageability.ui.pc.storage_widget.test_storage_provisioning.StorageOverProvisioning.test_cluster_sort___Desc,Suryaprabha
cdp.stargate.volume_group.test_vg_v4_api.TestVGV4Api~~~V40a3.test_volume_error_injection___vg_create_castor_crash_after_task_creation,Suryaprabha
cdp.stargate.volume_group.test_vg_v4_api.TestVGV4Api~~~V40a3.test_volume_error_injection___vg_create_castor_crash_after_request_id_creation,Suryaprabha
cdp.stargate.volume_group.test_vg_v4_api.TestVGV4Api~~~V40a3.test_volume_error_injection___vg_create_adonis_crash_after_request_id_creation,Suryaprabha
cdp.stargate.volume_group.test_vg_v4_api.TestVGV4Api~~~V40a3.test_vg_external_attachment___request_id_test_update_with_special_chars,Suryaprabha
cdp.stargate.volume_group.test_vg_v4_api.TestVGV4Api~~~V40a3.test_vg_external_attachment___request_id_test_update_with_request_id,Suryaprabha
cdp.stargate.volume_group.test_vg_v4_api.TestVGV4Api~~~V40a3.test_vg_external_attachment___request_id_test_update_with_incorrect_format,Suryaprabha
cdp.stargate.volume_group.test_vg_v4_api.TestVGV4Api~~~V40a3.test_vg_external_attachment___request_id_test_delete_with_special_chars,Suryaprabha
cdp.stargate.volume_group.test_vg_v4_api.TestVGV4Api~~~V40a3.test_vg_external_attachment___request_id_test_delete_with_request_id,Suryaprabha
cdp.stargate.volume_group.test_vg_v4_api.TestVGV4Api~~~V40a3.test_vg_external_attachment___request_id_test_delete_with_incorrect_format,Suryaprabha
cdp.stargate.volume_group.test_vg_v4_api.TestVGV4Api~~~V40a3.test_vg_external_attachment___request_id_test_create_with_special_chars,Suryaprabha
cdp.stargate.volume_group.test_vg_v4_api.TestVGV4Api~~~V40a3.test_vg_external_attachment___request_id_test_create_with_request_id,Suryaprabha
cdp.stargate.volume_group.test_vg_v4_api.TestVGV4Api~~~V40a3.test_vg_external_attachment___request_id_test_create_with_incorrect_format,Suryaprabha
cdp.stargate.volume_group.test_vg_v4_api.TestVGV4Api~~~V40a3.test_vg_disk_crud___stress_multi_vg,Suryaprabha
cdp.stargate.volume_group.test_vg_v4_api.TestVGV4Api~~~V40a3.test_vg_disk_crud___stress,Suryaprabha
cdp.stargate.volume_group.test_vg_v4_api.TestVGV4Api~~~V40a3.test_vg_disk_crud___scaleout_pc_stress_multi_vg,Suryaprabha
cdp.stargate.volume_group.test_vg_v4_api.TestVGV4Api~~~V40a3.test_vg_disk_crud___scaleout_pc_stress,Suryaprabha
cdp.stargate.volume_group.test_vg_v4_api.TestVGV4Api~~~V40a3.test_vg_disk_crud___request_id_test_update_with_special_chars,Suryaprabha
cdp.stargate.volume_group.test_vg_v4_api.TestVGV4Api~~~V40a3.test_vg_disk_crud___request_id_test_update_with_incorrect_format,Suryaprabha
cdp.stargate.volume_group.test_vg_v4_api.TestVGV4Api~~~V40a3.test_vg_disk_crud___request_id_test_delete_with_special_chars,Suryaprabha
cdp.stargate.volume_group.test_vg_v4_api.TestVGV4Api~~~V40a3.test_vg_disk_crud___request_id_test_delete_with_request_id,Suryaprabha
cdp.stargate.volume_group.test_vg_v4_api.TestVGV4Api~~~V40a3.test_vg_disk_crud___request_id_test_delete_with_incorrect_format,Suryaprabha
cdp.stargate.volume_group.test_vg_v4_api.TestVGV4Api~~~V40a3.test_vg_disk_crud___request_id_test_update_with_request_id,Suryaprabha
cdp.stargate.volume_group.test_vg_v4_api.TestVGV4Api~~~V40a3.test_vg_disk_crud___request_id_test_create_with_special_chars,Suryaprabha
cdp.stargate.volume_group.test_vg_v4_api.TestVGV4Api~~~V40a3.test_vg_disk_crud___request_id_test_create_with_request_id,Suryaprabha
cdp.stargate.volume_group.test_vg_v4_api.TestVGV4Api~~~V40a3.test_vg_disk_crud___request_id_test_create_with_incorrect_format,Suryaprabha
cdp.stargate.volume_group.test_vg_v4_api.TestVGV4Api~~~V40a3.test_vg_crud___stress,Suryaprabha
cdp.stargate.volume_group.test_vg_v4_api.TestVGV4Api~~~V40a3.test_vg_crud___scaleout_pc_stress,Suryaprabha
cdp.stargate.volume_group.test_vg_v4_api.TestVGV4Api~~~V40a3.test_vg_crud___request_id_test_update_with_special_chars,Suryaprabha
cdp.stargate.volume_group.test_vg_v4_api.TestVGV4Api~~~V40a3.test_vg_crud___request_id_test_update_with_request_id,Suryaprabha
cdp.stargate.volume_group.test_vg_v4_api.TestVGV4Api~~~V40a3.test_vg_crud___request_id_test_update_with_incorrect_format,Suryaprabha
cdp.stargate.volume_group.test_vg_v4_api.TestVGV4Api~~~V40a3.test_vg_crud___request_id_test_delete_with_special_chars,Suryaprabha
cdp.stargate.volume_group.test_vg_v4_api.TestVGV4Api~~~V40a3.test_vg_crud___request_id_test_delete_with_request_id,Suryaprabha
cdp.stargate.volume_group.test_vg_v4_api.TestVGV4Api~~~V40a3.test_vg_crud___request_id_test_delete_with_incorrect_format,Suryaprabha
cdp.stargate.volume_group.test_vg_v4_api.TestVGV4Api~~~V40a3.test_vg_crud___request_id_test_create_with_special_chars,Suryaprabha
cdp.stargate.volume_group.test_vg_v4_api.TestVGV4Api~~~V40a3.test_vg_crud___request_id_test_create_with_request_id,Suryaprabha
cdp.stargate.volume_group.test_vg_v4_api.TestVGV4Api~~~V40a3.test_vg_crud___request_id_test_create_with_incorrect_format,Suryaprabha
cdp.stargate.volume_group.test_vg_v4_api.TestVGV4Api~~~V40a3.test_vg_external_attachment___etag_test_without_etag,Suryaprabha
cdp.stargate.volume_group.test_vg_v4_api.TestVGV4Api~~~V40a3.test_vg_external_attachment___etag_test_with_star,Suryaprabha
cdp.stargate.volume_group.test_vg_v4_api.TestVGV4Api~~~V40a3.test_vg_external_attachment___etag_test_with_stale_etag,Suryaprabha
cdp.stargate.volume_group.test_vg_v4_api.TestVGV4Api~~~V40a3.test_vg_external_attachment___etag_test_with_special_chars_etag,Suryaprabha
cdp.stargate.volume_group.test_vg_v4_api.TestVGV4Api~~~V40a3.test_vg_disk_crud___etag_test_with_incorrect_format_etag,Suryaprabha
cdp.stargate.volume_group.test_vg_v4_api.TestVGV4Api~~~V40a3.test_vg_disk_crud___etag_test_with_etag,Suryaprabha
cdp.stargate.volume_group.test_vg_v4_api.TestVGV4Api~~~V40a3.test_vg_crud___etag_test_without_etag,Suryaprabha
cdp.stargate.volume_group.test_vg_v4_api.TestVGV4Api~~~V40a3.test_vg_crud___etag_test_with_star,Suryaprabha
cdp.stargate.volume_group.test_vg_v4_api.TestVGV4Api~~~V40a3.test_vg_crud___etag_test_with_stale_etag,Suryaprabha
cdp.stargate.volume_group.test_vg_v4_api.TestVGV4Api~~~V40a3.test_vg_crud___etag_test_with_special_chars_etag,Suryaprabha
cdp.stargate.volume_group.test_vg_v4_api.TestVGV4Api~~~V40a3.test_vg_crud___etag_test_with_same_payload,Suryaprabha
cdp.stargate.volume_group.test_vg_v4_api.TestVGV4Api~~~V40a3.test_vg_crud___etag_test_with_incorrect_non_matching_etag,Suryaprabha
cdp.stargate.volume_group.test_vg_v4_api.TestVGV4Api~~~V40a3.test_vg_crud___etag_test_with_incorrect_format_etag,Suryaprabha
cdp.stargate.volume_group.test_vg_v4_api.TestVGV4Api~~~V40a3.test_vg_crud___etag_test_with_etag,Suryaprabha
cdp.stargate.volume_group.test_vg_v4_api.TestVGV4Api~~~V40a3.test_vg_external_attachment___etag_test_with_same_payload,Suryaprabha
cdp.stargate.volume_group.test_vg_v4_api.TestVGV4Api~~~V40a3.test_vg_external_attachment___etag_test_with_incorrect_non_matching_etag,Suryaprabha
cdp.stargate.volume_group.test_vg_v4_api.TestVGV4Api~~~V40a3.test_vg_external_attachment___etag_test_with_incorrect_format_etag,Suryaprabha
cdp.stargate.volume_group.test_vg_v4_api.TestVGV4Api~~~V40a3.test_vg_external_attachment___etag_test_with_etag,Suryaprabha
cdp.stargate.volume_group.test_vg_v4_api.TestVGV4Api~~~V40a3.test_vg_disk_crud___etag_test_without_etag,Suryaprabha
cdp.stargate.volume_group.test_vg_v4_api.TestVGV4Api~~~V40a3.test_vg_disk_crud___etag_test_with_star,Suryaprabha
cdp.stargate.volume_group.test_vg_v4_api.TestVGV4Api~~~V40a3.test_vg_disk_crud___etag_test_with_stale_etag,Suryaprabha
cdp.stargate.volume_group.test_vg_v4_api.TestVGV4Api~~~V40a3.test_vg_disk_crud___etag_test_with_special_chars_etag,Suryaprabha
cdp.stargate.volume_group.test_vg_v4_api.TestVGV4Api~~~V40a3.test_vg_disk_crud___etag_test_with_same_payload,Suryaprabha
cdp.stargate.volume_group.test_vg_v4_api.TestVGV4Api~~~V40a3.test_vg_disk_crud___etag_test_with_incorrect_non_matching_etag,Suryaprabha
dr.ahv_sync_rep.vg_sync_rep.castor.test_castor_upgrade.CastorUpgradeTest.test_upgrade_to_castor,Suryaprabha
cdp.stargate.volume_group.test_vg_v4_api.TestVGV4Api.test_vg_categories_pagination___page,Suryaprabha
cdp.stargate.volume_group.test_vg_v4_api.TestVGV4Api.test_vg_categories_pagination___negative,Suryaprabha
cdp.stargate.volume_group.test_vg_v4_api.TestVGV4Api.test_vg_categories_pagination___limit_page,Suryaprabha
dr.ahv_sync_rep.vg_sync_rep.castor.test_castor_scanner.CastorScannerTest.test_castor_scanner_deleted_vg,Suryaprabha
cdp.stargate.volume_group.test_vg_v4_api.TestVGV4Api.test_vg_categories_pagination___limit,Suryaprabha
cdp.stargate.volume_group.test_vg_v4_api.TestVGV4Api.test_vg_categories_pagination___incorrect_page,Suryaprabha
cdp.stargate.volume_group.test_vg_v4_api.TestVGV4Api.test_vg_categories_pagination___incorrect_limit,Suryaprabha
cdp.stargate.volume_group.test_vg_v4_api.TestVGV4Api.test_vg_categories_pagination,Suryaprabha
cdp.stargate.volume_group.test_vg_v4_api.TestVGV4Api.test_vg_categories___verify_in_category_api,Suryaprabha
cdp.stargate.volume_group.rbac.test_vg_v4_api.TestVGV4Api.test_invalid_user_access,Suryaprabha
cdp.stargate.volume_group.test_vg_v4_api.TestVGV4Api.test_vg_pagination___page,Suryaprabha
cdp.stargate.volume_group.test_vg_v4_api.TestVGV4Api.test_vg_pagination___negative,Suryaprabha
cdp.stargate.volume_group.test_vg_v4_api.TestVGV4Api.test_vg_pagination___limit_page,Suryaprabha
cdp.stargate.volume_group.test_vg_v4_api.TestVGV4Api.test_vg_pagination___limit,Suryaprabha
cdp.stargate.volume_group.test_vg_v4_api.TestVGV4Api.test_vg_pagination___incorrect_page,Suryaprabha
cdp.stargate.volume_group.test_vg_v4_api.TestVGV4Api.test_vg_pagination___incorrect_limit_page,Suryaprabha
cdp.stargate.volume_group.test_vg_v4_api.TestVGV4Api.test_vg_pagination___incorrect_limit,Suryaprabha
cdp.stargate.volume_group.test_vg_v4_api.TestVGV4Api.test_vg_external_attachment___shared,Suryaprabha
cdp.stargate.volume_group.test_vg_v4_api.TestVGV4Api.test_vg_external_attachment___iqn,Suryaprabha
cdp.stargate.volume_group.test_vg_v4_api.TestVGV4Api.test_vg_external_attachment___ipv4,Suryaprabha
cdp.stargate.volume_group.test_vg_v4_api.TestVGV4Api.test_vg_external_attachment___extId,Suryaprabha
cdp.stargate.volume_group.test_vg_v4_api.TestVGV4Api.test_vg_external_attachment___authentications_iqn,Suryaprabha
cdp.stargate.volume_group.test_vg_v4_api.TestVGV4Api.test_vg_external_attachment___authentications_ipv4,Suryaprabha
cdp.stargate.volume_group.test_vg_v4_api.TestVGV4Api.test_vg_disk_pagination___page,Suryaprabha
cdp.stargate.volume_group.test_vg_v4_api.TestVGV4Api.test_vg_disk_pagination___negative,Suryaprabha
cdp.stargate.volume_group.test_vg_v4_api.TestVGV4Api.test_vg_disk_pagination___limit_page,Suryaprabha
cdp.stargate.volume_group.test_vg_v4_api.TestVGV4Api.test_vg_disk_pagination___limit,Suryaprabha
cdp.stargate.volume_group.test_vg_v4_api.TestVGV4Api.test_vg_disk_pagination___incorrect_limit_page,Suryaprabha
cdp.stargate.volume_group.test_vg_v4_api.TestVGV4Api.test_vg_disk_pagination___incorrect_limit,Suryaprabha
cdp.stargate.volume_group.test_vg_v4_api.TestVGV4Api~~~V40a3.test_vg_external_attachment___request_id_test_with_same_request_id_same_payload,Suryaprabha
cdp.stargate.volume_group.test_vg_v4_api.TestVGV4Api~~~V40a3.test_vg_disk_crud___request_id_test_with_same_request_id_different_payload,Suryaprabha
cdp.stargate.volume_group.test_vg_v4_api.TestVGV4Api~~~V40a3.test_vg_crud___request_id_test_with_same_request_id_different_payload,Suryaprabha
cdp.stargate.volume_group.test_vg_v4_api.TestVGV4Api~~~V40a3.test_vg_disk_crud___request_id_test_with_same_request_id_same_payload,Suryaprabha
cdp.stargate.volume_group.test_vg_v4_api.TestVGV4Api~~~V40a3.test_vg_crud___request_id_test_with_same_request_id_same_payload,Suryaprabha
cdp.stargate.volume_group.test_vg_v4_api.TestVGV4Api~~~V40a3.test_vg_external_attachment___request_id_test_with_same_request_id_different_payload,Suryaprabha
cdp.stargate.volume_group.test_vg_v4_api.TestVGV4Api.test_vg_disk_pagination___incorrect_page,Suryaprabha
cdp.stargate.volume_group.test_vg_v4_api.TestVGV4Api.test_vg_disk_crud___all_fields,Suryaprabha
cdp.stargate.volume_group.test_vg_v4_api.TestVGV4Api.test_vg_crud___sharing_status,Suryaprabha
cdp.stargate.volume_group.test_vg_v4_api.TestVGV4Api.test_vg_crud___load_balancing,Suryaprabha
cdp.stargate.volume_group.test_vg_v4_api.TestVGV4Api.test_vg_crud___iscsiTargetName,Suryaprabha
cdp.stargate.volume_group.test_vg_v4_api.TestVGV4Api.test_vg_crud___duplicate_name,Suryaprabha
cdp.stargate.volume_group.test_vg_v4_api.TestVGV4Api.test_vg_crud___authentications,Suryaprabha
cdp.stargate.volume_group.test_vg_v4_api.TestVGV4Api.test_vg_crud___all_fields,Suryaprabha
manageability.ui.pc.qos.test_qos.QOSTest.test_set_throughput_for_single_vm,Suryaprabha
manageability.ui.pc.qos.test_qos.QOSTest.test_set_qos_batch_action_with_partial_override,Suryaprabha
manageability.ui.pc.qos.test_qos.QOSTest.test_set_iops_for_single_vm,Suryaprabha
manageability.ui.pc.qos.test_qos.QOSTest.test_set_invalid_iops_for_single_vm,Suryaprabha
manageability.ui.pc.qos.test_qos.QOSTest.test_remove_qos_attribute_for_single_vm,Suryaprabha
manageability.ui.pc.qos.test_qos.QOSTest.test_remove_qos_attribute_batch_action_with_full_override,Suryaprabha
manageability.ui.pc.qos.test_qos.QOSTest.test_override_dialog_when_qos_is_set_on_multiple_vms,Suryaprabha
manageability.ui.pc.qos.test_qos.QOSTest.test_iops_tp_relationship_table_show_details,Suryaprabha
manageability.ui.pc.rack_awareness.test_rack_awareness_with_more_than_one_pe_registered.RackAwarenessPCWithTwoPETest.test_verify_selecting_more_than_one_cluster_disable_rack_config,Suryaprabha
cdp.stargate.volume_group.test_vg_v4_api.TestVGV4Api.test_vg_vm_pagination___page,Suryaprabha
cdp.stargate.volume_group.test_vg_v4_api.TestVGV4Api.test_vg_vm_pagination___negative,Suryaprabha
cdp.stargate.volume_group.test_vg_v4_api.TestVGV4Api.test_vg_vm_pagination___limit_page,Suryaprabha
cdp.stargate.volume_group.test_vg_v4_api.TestVGV4Api.test_vg_vm_pagination___limit,Suryaprabha
cdp.stargate.volume_group.test_vg_v4_api.TestVGV4Api.test_vg_vm_pagination___incorrect_page,Suryaprabha
cdp.stargate.volume_group.test_vg_v4_api.TestVGV4Api.test_vg_vm_pagination___incorrect_limit,Suryaprabha
cdp.stargate.volume_group.test_vg_v4_api.TestVGV4Api.test_vg_vm_attachments___index,Suryaprabha
cdp.stargate.volume_group.test_vg_v4_api.TestVGV4Api.test_vg_iscsi_clients_pagination___page,Suryaprabha
cdp.stargate.volume_group.test_vg_v4_api.TestVGV4Api.test_vg_iscsi_clients_pagination___negative,Suryaprabha
cdp.stargate.volume_group.test_vg_v4_api.TestVGV4Api.test_vg_iscsi_clients_pagination___limit_page,Suryaprabha
cdp.stargate.volume_group.test_vg_v4_api.TestVGV4Api.test_vg_iscsi_clients_pagination___limit,Suryaprabha
cdp.stargate.volume_group.test_vg_v4_api.TestVGV4Api.test_vg_iscsi_clients_pagination___incorrect_page,Suryaprabha
cdp.stargate.volume_group.test_vg_v4_api.TestVGV4Api.test_vg_iscsi_clients_pagination___incorrect_limit_page,Suryaprabha
cdp.stargate.volume_group.test_vg_v4_api.TestVGV4Api.test_vg_iscsi_clients_pagination___incorrect_limit,Suryaprabha
cdp.stargate.volume_group.test_vg_v4_api.TestVGV4Api.test_vg_iscsi_clients_pagination___external_attachments_page,Suryaprabha
cdp.stargate.volume_group.test_vg_v4_api.TestVGV4Api.test_vg_iscsi_clients_pagination___external_attachments_negative,Suryaprabha
cdp.stargate.volume_group.test_vg_v4_api.TestVGV4Api.test_vg_iscsi_clients_pagination___external_attachments_limit_page,Suryaprabha
cdp.stargate.volume_group.test_vg_v4_api.TestVGV4Api.test_vg_iscsi_clients_pagination___external_attachments_limit,Suryaprabha
cdp.stargate.volume_group.test_vg_v4_api.TestVGV4Api.test_vg_iscsi_clients_pagination___external_attachments_incorrect_page,Suryaprabha
cdp.stargate.volume_group.test_vg_v4_api.TestVGV4Api.test_vg_iscsi_clients_pagination___external_attachments_incorrect_limit_page,Suryaprabha
cdp.stargate.volume_group.test_vg_v4_api.TestVGV4Api.test_vg_iscsi_clients_pagination___external_attachments_incorrect_limit,Suryaprabha
cdp.stargate.volume_group.test_vg_v4_api.TestVGV4Api.test_vg_iscsi_clients_pagination___external_attachments,Suryaprabha
manageability.ui.pc.smart_rebuild.test_smart_rebuild_action.TestSmartRebuild.test_smart_rebuild_on_cluster,Suryaprabha
cdp.stargate.volume_group.volume_groups_stats.test_volume_stats.TestVolumeStats.test_volume_group_stats___validate_vg_stat,Suryaprabha
cdp.stargate.volume_group.volume_groups_stats.test_volume_stats.TestVolumeStats.test_volume_group_stats___validate_vg_disk_stat,Suryaprabha
cdp.stargate.volume_group.odata.test_vg_disk_list_with_odata_support.TestVGDiskListWithOdataSupport.test_vg_disk_list_with_odata_support_rbac_user,Suryaprabha
cdp.stargate.volume_group.odata.test_vg_vm_attachment_list_with_odata_support.TestVGVMAttachmentListWithOdataSupport.test_vg_vm_attachment_list_with_odata_support_rbac_user,Suryaprabha
cdp.stargate.volume_group.odata.test_vg_vm_attachment_list_with_odata_support.TestVGVMAttachmentListWithOdataSupport.test_vg_vm_attachment_list_with_odata_support,Suryaprabha
cdp.stargate.volume_group.odata.test_vg_list_with_odata_support.TestVGListWithOdataSupport.test_vg_list_with_odata_support_rbac_user,Suryaprabha
cdp.stargate.volume_group.odata.test_vg_list_with_odata_support.TestVGListWithOdataSupport.test_vg_list_with_odata_support,Suryaprabha
cdp.stargate.volume_group.odata.test_iscsi_list_with_odata_support.TestListWithOdataSupport.test_vg_external_attachment_list_with_odata_support_rbac_user,Suryaprabha
cdp.stargate.volume_group.odata.test_iscsi_list_with_odata_support.TestListWithOdataSupport.test_vg_external_attachment_list_with_odata_support,Suryaprabha
cdp.stargate.volume_group.odata.test_vg_disk_list_with_odata_support.TestVGDiskListWithOdataSupport.test_vg_disk_list_with_odata_support,Suryaprabha
manageability.ui.pc.storage_widget.test_storage_provisioning.StorageOverProvisioning.test_cluster_sort___DashboardDesc,Suryaprabha
manageability.ui.pc.storage_widget.test_storage_provisioning.StorageOverProvisioning.test_cluster_sort___Dashboard,Suryaprabha
manageability.ui.pc.storage_widget.test_storage_provisioning.StorageOverProvisioning.test_cluster_sort,Suryaprabha
manageability.ui.pc.storage_widget.test_storage_provisioning.StorageOverProvisioning.test_all_error_msg_and_colour,Suryaprabha
cdp.stargate.volume_group.test_vg_v4_api.TestVGV4Api.test_vg_vm_pagination,Suryaprabha
cdp.stargate.volume_group.test_vg_v4_api.TestVGV4Api.test_vg_vm_attachments,Suryaprabha
cdp.stargate.volume_group.test_vg_v4_api.TestVGV4Api.test_vg_iscsi_clients_pagination,Suryaprabha
manageability.api.enhanced_pc_rbac.virtual_disks.test_rbac_virtual_disks.TestRbacVirtualdisks.test_rbac_virtual_disks,Suryaprabha
manageability.api.enhanced_pc_rbac.storage_pools.test_rbac_storage_pools.TestRbacStoragepools.test_rbac_storage_pools___lpe_delete,Suryaprabha
manageability.api.enhanced_pc_rbac.storage_pools.test_rbac_storage_pools.TestRbacStoragepools.test_rbac_storage_pools___lpe_post,Suryaprabha
manageability.api.enhanced_pc_rbac.storage_containers.test_rbac_storage_containers.TestRbacStorageContainers.test_rbac_storage_containers,Suryaprabha
cdp.stargate.volume_group.test_vg_v4_api.TestVGV4Api.test_vg_categories___associate_category_to_all_volume,Suryaprabha
cdp.stargate.volume_group.test_vg_v4_api.TestVGV4Api.test_vg_categories,Suryaprabha
cdp.stargate.volume_group.test_vg_v4_api.TestVGV4Api.test_vg_pagination,Suryaprabha
cdp.stargate.volume_group.test_vg_v4_api.TestVGV4Api.test_vg_disk_crud___stress,Suryaprabha
cdp.stargate.volume_group.test_vg_v4_api.TestVGV4Api.test_vg_disk_crud___max_disk_limit,Suryaprabha
cdp.stargate.volume_group.test_vg_v4_api.TestVGV4Api.test_vg_disk_crud,Suryaprabha
cdp.stargate.volume_group.test_vg_v4_api.TestVGV4Api.test_vg_disk_create_clone,Suryaprabha
cdp.stargate.volume_group.test_vg_v4_api.TestVGV4Api.test_vg_crud___stress,Suryaprabha
cdp.stargate.volume_group.test_vg_v4_api.TestVGV4Api.test_vg_crud,Suryaprabha
manageability.ui.pc.qos.test_qos.QOSTest.test_toggel_btw_iops_and_throughtput_single_vm,Suryaprabha
manageability.ui.pc.qos.test_qos.QOSTest.test_set_throughput_for_single_vm___min_limit,Suryaprabha
manageability.ui.pc.qos.test_qos.QOSTest.test_set_throughput_for_single_vm___max_limit,Suryaprabha
manageability.ui.pc.qos.test_qos.QOSTest.test_set_throughput_batch_action_with_full_override,Suryaprabha
manageability.ui.pc.qos.test_qos.QOSTest.test_set_qos_attribute_empty,Suryaprabha
manageability.ui.pc.qos.test_qos.QOSTest.test_set_iops_for_single_vm___min_limit,Suryaprabha
manageability.ui.pc.qos.test_qos.QOSTest.test_set_iops_for_single_vm___max_limit,Suryaprabha
manageability.ui.pc.qos.test_qos.QOSTest.test_set_iops_batch_action_with_full_override,Suryaprabha
manageability.ui.pc.qos.test_qos.QOSTest.test_remove_qos_attribute_batch_action_with_partial_override,Suryaprabha
manageability.ui.pc.smart_rebuild.test_smart_rebuild_action.TestSmartRebuild.test_smart_rebuild_on_cluster___PESetting,Suryaprabha
cdp.stargate.volume_group.grbac.test_volume_group_stats_rbac.TestVolumeGroupStatsRBAC~~~Storage_Admin.test_volume_group_stats_rbac,Suryaprabha
cdp.stargate.volume_group.grbac.test_volume_group_rbac.TestVolumeGroupRBAC.test_volume_group_update,Suryaprabha
cdp.stargate.volume_group.grbac.test_volume_group_rbac.TestVolumeGroupRBAC.test_volume_group_list,Suryaprabha
cdp.stargate.volume_group.grbac.test_volume_group_rbac.TestVolumeGroupRBAC.test_volume_group_get,Suryaprabha
cdp.stargate.volume_group.grbac.test_volume_group_rbac.TestVolumeGroupRBAC.test_volume_group_delete,Suryaprabha
cdp.stargate.volume_group.grbac.test_volume_group_rbac.TestVolumeGroupRBAC.test_volume_group_create,Suryaprabha
cdp.stargate.volume_group.grbac.test_volume_group_attachment_rbac.TestVolumeGroupAttachmentRBAC.test_volume_group_external_attachment_update,Suryaprabha
cdp.stargate.volume_group.grbac.test_volume_group_category_rbac.TestVolumeGroupCategoryRBAC.test_volume_group_get_vg_category_association,Suryaprabha
cdp.stargate.volume_group.grbac.test_volume_group_category_rbac.TestVolumeGroupCategoryRBAC.test_volume_group_category_disassociate,Suryaprabha
cdp.stargate.volume_group.grbac.test_volume_group_category_rbac.TestVolumeGroupCategoryRBAC.test_volume_group_category_associate,Suryaprabha
cdp.stargate.volume_group.grbac.test_volume_group_disk_rbac.TestVolumeGroupDiskRBAC.test_volume_group_disk_update,Suryaprabha
cdp.stargate.volume_group.grbac.test_volume_group_disk_rbac.TestVolumeGroupDiskRBAC.test_volume_group_disk_list,Suryaprabha
cdp.stargate.volume_group.grbac.test_volume_group_disk_rbac.TestVolumeGroupDiskRBAC.test_volume_group_disk_get,Suryaprabha
cdp.stargate.volume_group.grbac.test_volume_group_disk_rbac.TestVolumeGroupDiskRBAC.test_volume_group_disk_delete,Suryaprabha
cdp.stargate.volume_group.grbac.test_volume_group_disk_rbac.TestVolumeGroupDiskRBAC.test_volume_group_disk_create,Suryaprabha
manageability.ui.pe.rack_awareness.test_rack_awareness.RackAwarenessTest.test_verify_rack_configuration_absence_on_hyperv,Suryaprabha
manageability.ui.pe.rack_awareness.test_rack_awareness.RackAwarenessTest.test_verify_removing_a_node_from_hardware_page_displays_warning_message,Suryaprabha
manageability.ui.pc.storage_policy.test_storage_policy.StoragePolicy.test_dsp,Suryaprabha
manageability.ui.pc.recycle_bin_widget.test_recycle_bin_widget.RecycleBinWidget.test_recycle_bin_on_dashboard_page___disable_retention,Suryaprabha
manageability.ui.pc.recycle_bin_widget.test_recycle_bin_widget.RecycleBinWidget.test_recycle_bin_on_dashboard_page,Suryaprabha
manageability.ui.pc.storage_policy.test_storage_policy.StoragePolicy.test_sp_config_on_vm_list_and_instance_page,Suryaprabha
manageability.ui.pc.storage_policy.test_storage_policy.StoragePolicy.test_sorting_filtering_on_list_view,Suryaprabha
manageability.ui.pc.storage_policy.test_storage_policy.StoragePolicy.test_storage_object_view_cud,Suryaprabha
manageability.ui.pc.storage_policy.test_storage_policy.StoragePolicy.test_create_error_messages,Suryaprabha
manageability.ui.pc.storage_policy.test_storage_policy.StoragePolicy.test_create_modal_popup_element,Suryaprabha
manageability.ui.pc.storage_policy.test_storage_policy.StoragePolicy.test_crud_on_storage_policy,Suryaprabha
manageability.ui.pc.storage_widget.test_storage_summary.StorageSummary.test_instance_page___Warn,Suryaprabha
manageability.ui.pc.storage_widget.test_storage_summary.StorageSummary.test_instance_page___Default,Suryaprabha
manageability.ui.pc.tier_wise_storage_widget.test_tier_wise_widget.TierWiseWidget.test_tier_wise_storage_widget_on_instance_page,Suryaprabha
manageability.ui.pc.storage_widget.storage_summary_dashboard.test_storage_summary_dashboard.StorageSummaryDashboard.test_storage_summary_dashboard___WarnRebuildON,Suryaprabha
manageability.ui.pc.storage_widget.storage_summary_dashboard.test_storage_summary_dashboard.StorageSummaryDashboard.test_storage_summary_dashboard___Warn,Suryaprabha
manageability.ui.pc.storage_widget.storage_summary_dashboard.test_storage_summary_dashboard.StorageSummaryDashboard.test_storage_summary_dashboard,Suryaprabha
manageability.ui.pc.storage_widget.storage_summary_dashboard.test_storage_summary_dashboard.StorageSummaryDashboard.test_storage_summary_dashboard___DefaultRebuildON,Suryaprabha
manageability.ui.pc.storage_widget.storage_summary_dashboard.test_storage_summary_dashboard.StorageSummaryDashboard.test_storage_summary_dashboard___Default,Suryaprabha
manageability.ui.pc.storage_widget.storage_summary_dashboard.test_storage_summary_dashboard.StorageSummaryDashboard.test_storage_summary_dashboard___NearCriticalRebuildON,Suryaprabha
infrastructure.network_segmentation.test_ha.HighAvailability~~~data_in_transit.test_hypervisor_ha,Suryaprabha
infrastructure.network_segmentation.test_backplane_persistence.BackplanePersistence~~~data_in_transit.test_cluster_stop_start,Suryaprabha
manageability.ui.pc.storage_policy.test_storage_policy.StoragePolicy~~~compliance.test_policy_instance_page,Suryaprabha
infrastructure.network_segmentation.test_backplane_persistence.BackplanePersistence~~~data_in_transit.test_force_reboot_all_nodes,Suryaprabha
infrastructure.network_segmentation.test_cluster_ops.NetworkSegmentationWorkFlows~~~data_in_transit.test_backplane_ping_logs,Suryaprabha
infrastructure.network_segmentation.test_cluster_ops.NetworkSegmentationWorkFlows~~~data_in_transit.test_eth2_down,Suryaprabha
infrastructure.network_segmentation.test_cluster_ops.NetworkSegmentationWorkFlows~~~data_in_transit.test_create,Suryaprabha
manageability.ui.pc.storage_policy.test_storage_policy.StoragePolicy~~~compliance.test_compliance_page,Suryaprabha
infrastructure.network_segmentation.test_cluster_ops.NetworkSegmentationWorkFlows~~~data_in_transit.test_enable,Suryaprabha
cdp.stargate.domain_awareness.test_replica_placement.ReplicaPlacementTest.test_replica_placement___block_aware,Suryaprabha
cdp.stargate.domain_awareness.test_da.DATest.test_da_switch_fault_domain,Suryaprabha
cdp.stargate.domain_awareness.test_da.DATest.test_da_enable_da_with_existing_data___block_aware,Suryaprabha
cdp.stargate.domain_awareness.test_da.DATest.test_da_enable_da_multiple_transformations___rack_aware,Suryaprabha
cdp.stargate.domain_awareness.test_da.DATest.test_da_enable_da_multiple_transformations___block_aware,Suryaprabha
cdp.stargate.domain_awareness.ring_fixer_tests.test_ring_fixer.RingFixerTests.test_da_ring_fixer___rack_aware,Suryaprabha
cdp.stargate.domain_awareness.ring_fixer_tests.test_ring_fixer.RingFixerTests.test_da_ring_fixer___block_aware,Suryaprabha
cdp.stargate.domain_awareness.ring_fixer_tests.test_ring_fixer.RingFixerTests.test_da_ring_fixer___auto_rack_aware,Suryaprabha
cdp.stargate.domain_awareness.ring_fixer_tests.test_ring_fixer.RingFixerTests.test_da_ring_fixer___auto_block_aware,Suryaprabha
cdp.stargate.domain_awareness.test_strict_domain_enforcement.StrictDomainEnforcementTest.test_strict_domain_enforcement___block_aware,Suryaprabha
cdp.stargate.domain_awareness.test_replica_placement.ReplicaPlacementTest.test_replica_placement___rack_aware,Suryaprabha
cdp.stargate.domain_awareness.test_ring_node_balance_change.RingNodeBalanceChangeTest.test_ring_node_balance_change___rack_aware,Suryaprabha
cdp.stargate.domain_awareness.test_ring_node_balance_change.RingNodeBalanceChangeTest.test_ring_node_balance_change___block_aware,Suryaprabha
cdp.stargate.domain_awareness.test_replica_placement.ReplicaPlacementTest.test_replica_placement___rack_aware_aes,Suryaprabha
cdp.stargate.domain_awareness.test_replica_placement.ReplicaPlacementTest.test_replica_placement___block_aware_aes,Suryaprabha
cdp.stargate.domain_awareness.test_oplog_draining.OplogDrainingTest.test_oplog_draining___rack_aware,Suryaprabha
cdp.stargate.domain_awareness.test_oplog_draining.OplogDrainingTest.test_oplog_draining___block_aware,Suryaprabha
cdp.stargate.domain_awareness.test_da.DATest.test_da_random_failures___rack_aware_rf3,Suryaprabha
cdp.stargate.domain_awareness.test_da.DATest.test_da_random_failures___rack_aware,Suryaprabha
cdp.stargate.domain_awareness.test_da.DATest.test_da_random_failures___block_aware_rf3,Suryaprabha
cdp.stargate.domain_awareness.test_da.DATest.test_da_random_failures___block_aware,Suryaprabha
cdp.stargate.domain_awareness.test_da.DATest.test_da_enable_da_with_existing_data___rack_aware,Suryaprabha
mantle.lkm.test_restart.TestLKM.test_genesis_restart,Sudharshan
cdp.stargate.power_cycling.test_io_integrity_power_cycling.PowerCyclingIOIntegrityTest.test_io_integrity___node_power_cycle,Sudharshan
cdp.curator.goldsuite.test_curator_gold_suite.CuratorGoldSuiteTest.test_gold___basic_rf3,Sudharshan
cdp.stargate.power_cycling.test_io_integrity_power_cycling.PowerCyclingIOIntegrityTest~~~NVMe-TCP.test_io_integrity___node_power_cycle,Sudharshan
cdp.stargate.vmotion.test_vmotion.VmotionIOIntegrityTest~~~NVMe-TCP.test_mixed_snapshot___ei,Sudharshan
cdp.stargate.abs.test_abs_scale_io_integrity.ABSScaleIOIntegrityTest~~~NVMe-TCP.test_scale_io_integrity,Sudharshan
cdp.stargate.vmotion.test_vmotion.VmotionIOIntegrityTest.test_mixed_snapshot___ei,Sudharshan
cdp.stargate.power_cycling.test_io_integrity_power_cycling.PowerCyclingIOIntegrityTest~~~Blockstore_SPDK.test_io_integrity___node_power_cycle,Sudharshan
cdp.curator.precommit.test_curator_basics.CuratorBasicTest.test_curator_basic_functionality___delayed_compression,Sudharshan
cdp.curator.goldsuite.test_curator_gold_suite.CuratorGoldSuiteTest.test_gold___node_removal_add,Sudharshan
cdp.curator.goldsuite.test_curator_gold_suite.CuratorGoldSuiteTest.test_gold___node_offline,Sudharshan
cdp.stargate.oplog.corrupt_episodes.test_oplog_episode_corrupt.CorruptOplogEpisodesTest.test_oplog_episodes___truncate_metadata,Sudharshan
cdp.stargate.oplog.corrupt_episodes.test_oplog_episode_corrupt.CorruptOplogEpisodesTest.test_oplog_episodes___truncate_data,Sudharshan
cdp.stargate.oplog.corrupt_episodes.test_oplog_episode_corrupt.CorruptOplogEpisodesTest.test_oplog_episodes___corrupt_metadata,Sudharshan
cdp.stargate.oplog.corrupt_episodes.test_oplog_episode_corrupt.CorruptOplogEpisodesTest.test_oplog_episodes___corrupt_data,Sudharshan
cdp.stargate.flash_mode.entity_level_tests.test_container_properties.ContainerPropertiesTests.test_container___vm,Sudharshan
cdp.stargate.flash_mode.entity_level_tests.test_container_properties.ContainerPropertiesTests.test_container___vg,Sudharshan
mantle.test_convert_kms_vm.TestMantle.test_lkm_ekm,Sudharshan
mantle.test_infra.TestMantle.test_backup,Sudharshan
mantle.test_cluster_ops.TestMantle.test_mantle_restart,Sudharshan
mantle.test_cluster_ops.TestMantle.test_genesis_restart,Sudharshan
mantle.test_cluster_ops.TestMantle.test_cluster_restart,Sudharshan
mantle.test_basic.TestMantle.test_mantle_store_local_other_node,Sudharshan
mantle.test_basic.TestMantle.test_mantle_store_remote,Sudharshan
mantle.lkm.test_threshold.TestLKM.test_lt_t_no_reboot,Sudharshan
mantle.lkm.test_threshold.TestLKM.test_lt_t,Sudharshan
mantle.lkm.test_threshold.TestLKM.test_gt_t,Sudharshan
mantle.lkm.test_threshold.TestLKM.test_eq_t,Sudharshan
mantle.lkm.test_stress.TestLKM.test_writes,Sudharshan
mantle.lkm.test_stress.TestLKM.test_rotate_mk,Sudharshan
mantle.lkm.test_stress.TestLKM.test_reads,Sudharshan
mantle.lkm.test_sanity.TestLKM.test_write_fetch,Sudharshan
mantle.lkm.test_sanity.TestLKM.test_rekey,Sudharshan
mantle.lkm.test_sanity.TestLKM.test_fetch_diff_node,Sudharshan
mantle.lkm.test_restart.TestLKM.test_pithos_restart,Sudharshan
mantle.lkm.test_infra.TestLKM.test_rm_node,Sudharshan
cdp.recycle_bin.ttl_space_pressure.test_auto_deletions.RecycleBinAutoDelete.test_ttl_expiry_auto_delete,Sudharshan
cdp.recycle_bin.ttl_space_pressure.test_auto_deletions.RecycleBinAutoDelete.test_deletions_under_space_pressure,Sudharshan
cdp.recycle_bin.io_integrity.test_rb_with_iointegrity.RecycleBinIntegrityTest.test_rb_with_io_integrity___snapshot_with_ei,Sudharshan
cdp.recycle_bin.data_transformations.test_rb_with_encr_ec_comp.RecycleBinInteraction.test_recycle_bin,Sudharshan
cdp.stargate.mixed_io_integrity.test_mixed.TestMixed~~~RF1_Support.test_mixed_snapshot___ei,Sudharshan
cdp.stargate.mixed_io_integrity.test_mixed.TestMixed~~~RF1_Support.test_mixed_network_ei,Sudharshan
cdp.stargate.encryption.test_io_integrity_dedup_compression_snapshot_encryption.DedupCompressionSnapshotEncryptionIOIntegrityTest.test_encryption_io_integrity_with_rekey_ei___ekm,Sudharshan
cdp.stargate.encryption.test_smallfiles_encryption.SmallFilesEncryptionVerificationTest.test_smallfiles_encryption_verify_stats,Sudharshan
cdp.stargate.encryption.test_io_integrity_dedup_compression_snapshot_encryption.DedupCompressionSnapshotEncryptionIOIntegrityTest.test_encryption_io_integrity_with_node_remove_add,Sudharshan
cdp.stargate.encryption.test_io_integrity_dedup_compression_snapshot_encryption.DedupCompressionSnapshotEncryptionIOIntegrityTest.test_encryption_io_integrity_with_node_remove_add___ekm,Sudharshan
cdp.stargate.vmotion.test_vmotion.VmotionIOIntegrityTest~~~Encryption.test_mixed_snapshot___ei,Sudharshan
cdp.stargate.vmotion.test_vmotion.VmotionIOIntegrityTest~~~Encryption.test_mixed_snapshot,Sudharshan
cdp.stargate.vmotion.test_vmotion.VmotionIOIntegrityTest~~~Encryption.test_mixed___ei,Sudharshan
cdp.stargate.vmotion.test_vmotion.VmotionIOIntegrityTest~~~Encryption.test_ei,Sudharshan
cdp.stargate.vmotion.test_vmotion.VmotionIOIntegrityTest~~~AES_Brownfield.test_mixed_snapshot___ei_ec,Sudharshan
cdp.stargate.vmotion.test_vmotion.VmotionIOIntegrityTest~~~AES_Brownfield.test_mixed_snapshot,Sudharshan
cdp.stargate.power_cycling.test_io_integrity_power_cycling.PowerCyclingIOIntegrityTest~~~AES_Brownfield.test_io_integrity___node_power_cycle,Sudharshan
cdp.stargate.aes.brownfield.test_aes_brownfield.AESBrownfield.test_aes_brownfield___vdisk_migration,Sudharshan
cdp.stargate.enforceftc.test_ftc_change.FTCChange.test_rf_change,Sudharshan
cdp.stargate.enforceftc.test_enforceftc_io.FtcEnforcementIo.test_atfullcapacity_oplog,Sudharshan
cdp.stargate.vmotion.test_vmotion.VmotionIOIntegrityTest~~~Blockstore_SPDK.test_mixed___ei,Sudharshan
cdp.stargate.power_cycling.test_io_integrity_power_cycling.PowerCyclingIOIntegrityTest~~~Blockstore_SPDK.test_io_integrity___svm_power_cycle,Sudharshan
cdp.stargate.vdiskmigration.test_vdiskmigrate.VdiskMigrationTest.test_vdisk_migrate___ops,Sudharshan
cdp.stargate.vdiskmigration.test_vdiskmigrate.VdiskMigrationTest.test_vdisk_migrate___dedup_compression_ec,Sudharshan
cdp.curator.vdiskpp.test_vdisk_plus_plus.VdiskPP.test_vdiskpp___delete_vdisk_scalability,Sudharshan
cdp.curator.vdiskpp.test_vdisk_plus_plus.VdiskPP.test_vdiskpp,Sudharshan
cdp.stargate.abs.test_shared_vg_abs_io_integrity.ABSSharedVGTest.test_shared_vg_io_integrity___remove_add_node,Sudharshan
cdp.stargate.mixed_io_integrity.test_mixed.TestMixed~~~Fg_Task_ErrorInjector.test_mixed_snapshot,Sudharshan
cdp.stargate.oplog.test_oplog_disk_size.OplogDiskSizeTest.test_stargate_crash_oplog_full,Sudharshan
cdp.stargate.oplog.test_oplog_disk_size.OplogDiskSizeTest.test_add_disk,Sudharshan
cdp.counter.test_io_integrity_counters.CountersIOIntegrityTest.test_io_integrity___counters_svm_cycle,Sudharshan
cdp.counter.test_io_integrity_counters.CountersIOIntegrityTest.test_io_integrity___counters_ei,Sudharshan
cdp.counter.test_io_integrity_counters.CountersIOIntegrityTest.test_io_integrity___counters_cli,Sudharshan
cdp.counter.test_io_integrity_counters.CountersIOIntegrityTest.test_io_integrity___counters,Sudharshan
cdp.stargate.vmotion.test_vmotion.VmotionIOIntegrityTest.test_mixed_snapshot___ec,Sudharshan
cdp.stargate.power_cycling.test_io_integrity_power_cycling.PowerCyclingIOIntegrityTest.test_io_integrity___svm_cycle_mixed,Sudharshan
cdp.stargate.mixed_io_integrity.test_mixed.TestMixed.test_mixed,Sudharshan
cdp.stargate.mixed_io_integrity.test_mixed.TestMixed.test_mixed_network_ei,Sudharshan
cdp.stargate.compression.test_compression.TestCompression.test_compression_saving___randomIO,Sudharshan
cdp.stargate.compression.test_compression.TestCompression.test_compression_saving___post_process_compression,Sudharshan
cdp.stargate.compression.test_compression.TestCompression.test_compression_saving___mixed_variations,Sudharshan
cdp.stargate.compression.test_compression.TestCompression.test_compression_saving___inline_compression,Sudharshan
cdp.stargate.vmotion.test_vmotion.VmotionIOIntegrityTest.test_mixed_snapshot,Sudharshan
cdp.stargate.vmotion.test_vmotion.VmotionIOIntegrityTest.test_mixed___ei,Sudharshan
cdp.curator.goldsuite.test_curator_gold_suite.CuratorGoldSuiteTest.test_gold___garbage_collection_with_peg,Sudharshan
cdp.recycle_bin.io_integrity.test_rb_with_iointegrity.RecycleBinIntegrityTest.test_rb_with_io_integrity___with_snapshot,Sudharshan
cdp.stargate.mixed_io_integrity.test_mixed.TestMixed~~~AES.test_mixed_network_ei,Sudharshan
cdp.curator.goldsuite.test_curator_gold_suite.CuratorGoldSuiteTest.test_gold___node_disk_rebuild_eta_ei,Sudharshan
cdp.stargate.power_cycling.test_io_integrity_power_cycling.PowerCyclingIOIntegrityTest~~~RF1_Support.test_io_integrity___node_power_cycle,Sudharshan
mantle.test_convert_kms_vm.TestMantle.test_ekm_lkm,Sudharshan
cdp.curator.goldsuite_iointegrity.test_goldsuite.CuratorGoldSuiteTest~~~RF1_Support.test_gold___disk_diagnostic_failure,Sudharshan
cdp.curator.goldsuite_iointegrity.test_goldsuite.CuratorGoldSuiteTest~~~RF1_Support.test_gold___disk_bad,Sudharshan
cdp.stargate.mixed_io_integrity.test_mixed.TestMixed~~~AES_Brownfield.test_mixed_network_ei,Sudharshan
cdp.stargate.power_cycling.test_io_integrity_power_cycling.PowerCyclingIOIntegrityTest.test_io_integrity___svm_system_crash,Sudharshan
mantle.test_cluster_ops.TestMantle.test_cvm_reboot,Sudharshan
cdp.recycle_bin.delete_restore.ahv.test_delete_restore_vm.AHVRecycleBin.test_delete_restore_vm,Sudharshan
cdp.stargate.vmotion.test_vmotion.VmotionIOIntegrityTest~~~AES.test_mixed_snapshot___ei_ec,Sudharshan
cdp.stargate.aes.brownfield.test_aes_brownfield.AESBrownfield.test_aes_brownfield___encryption,Sudharshan
cdp.stargate.aes.brownfield.test_aes_brownfield.AESBrownfield.test_aes_brownfield___conversionOP_EI_with_AIO_delay,Sudharshan
cdp.stargate.aes.brownfield.test_aes_brownfield.AESBrownfield.test_aes_brownfield___Disk_ADD_REMOVE,Sudharshan
cdp.stargate.enforceftc.test_ftc_change.FTCChange.test_entity_removal,Sudharshan
cdp.curator.goldsuite.test_curator_gold_suite.CuratorGoldSuiteTest.test_gold___garbage_collection_only,Sudharshan
cdp.stargate.vmotion.test_vmotion.VmotionIOIntegrityTest.test_mixed_snapshot___ei_ec,Sudharshan
cdp.stargate.mixed_io_integrity.test_mixed.TestMixed.test_mixed_snapshot___ei,Sudharshan
cdp.stargate.mixed_io_integrity.test_mixed.TestMixed.test_mixed___ei,Sudharshan
cdp.stargate.abs.test_abs_scale_io_integrity.ABSScaleIOIntegrityTest.test_scale_io_integrity,Sudharshan
cdp.stargate.oplog_replication_index.test_oplog_replication_index_iointegrity.TestOplogIndexIntegrity.test_oplog_replication_integrity___ei,Sudharshan
cdp.stargate.abs.test_shared_vg_abs_io_integrity.ABSSharedVGTest~~~ABS_Segmentation_multiple_dsip.test_shared_vg_io_integrity___remove_add_node,Sudharshan
cdp.stargate.abs.test_shared_vg_abs_io_integrity.ABSSharedVGTest~~~ABS_Segmentation_multiple_dsip.test_shared_vg_io_integrity___power_cycle_svms,Sudharshan
cdp.stargate.abs.test_abs_failover_failback_io_integrity.ABSFailoverFailbackTest~~~ABS_Segmentation_multiple_dsip.test_abs_failover_failback_io_integrity___network_ei,Sudharshan
cdp.stargate.abs.test_abs_failover_failback_io_integrity.ABSFailoverFailbackTest~~~ABS_Segmentation_multiple_dsip.test_abs_failover_failback_io_integrity,Sudharshan
cdp.stargate.abs.test_scsi3_pr.SCSI3PRTest~~~ABS_Segmentation.test_scsi3_pr,Sudharshan
cdp.stargate.abs.test_shared_vg_abs_io_integrity.ABSSharedVGTest~~~ABS_Segmentation.test_shared_vg_io_integrity___ei,Sudharshan
cdp.stargate.abs.test_abs_segmentation_ns1_compatibility.TestABSSegmentationNS1Compatibility.test_abs_segmentation_enable_ns1_with_ns2,Sudharshan
cdp.stargate.oplog_replication_index.iscsi_failover_with_mpio.test_multiple_dsip_with_vdbench.MultipleDSIPWithVdbench.test_multiple_dsip_with_vdbench___rolling_reboot,Sudharshan
cdp.stargate.oplog_replication_index.iscsi_failover_with_mpio.test_multiple_dsip_with_vdbench.MultipleDSIPWithVdbench.test_multiple_dsip_with_vdbench,Sudharshan
cdp.stargate.vdisk_store_wal.test_vdisk_wal_fs_racer.VdiskWalFSRacerTest.test_fsracer_on_ctr_mount_point,Sudharshan
cdp.stargate.dit_encryption.test_dit_encryption.DITEncryptionTest.test_corrupted_stargate_certificates,Sudharshan
cdp.stargate.flash_mode.multiple_ops_tests.test_repeated_flash_toggle.RepeatedFlashToggleTests.test_flash_toggle___vm,Sudharshan
cdp.stargate.flash_mode.multiple_ops_tests.test_repeated_flash_toggle.RepeatedFlashToggleTests.test_flash_toggle___vg,Sudharshan
cdp.stargate.flash_mode.multiple_ops_tests.test_flash_storm.FlashStormTests.test_flash_storm___vg,Sudharshan
cdp.stargate.flash_mode.entity_level_tests.test_diskless_entities.DisklessEntityTests.test_vdiskless_behavior___vm,Sudharshan
cdp.stargate.flash_mode.entity_level_tests.test_diskless_entities.DisklessEntityTests.test_vdiskless_behavior___vg,Sudharshan
cdp.stargate.flash_mode.entity_level_tests.test_clone.CloneTests.test_clone___vg,Sudharshan
cdp.stargate.flash_mode.common_tests.test_snapshot.SnapshotTests.test_snapshot_recovery___vm,Sudharshan
cdp.stargate.flash_mode.common_tests.test_snapshot.SnapshotTests.test_snapshot_recovery___vg,Sudharshan
cdp.stargate.flash_mode.common_tests.test_crash.CrashTests.test_rolling_crash___vm,Sudharshan
cdp.stargate.flash_mode.common_tests.test_crash.CrashTests.test_rolling_crash___vg,Sudharshan
cdp.stargate.flash_mode.common_tests.test_crash.CrashTests.test_component_crash___vm,Sudharshan
cdp.stargate.flash_mode.common_tests.test_crash.CrashTests.test_component_crash___vg,Sudharshan
cdp.stargate.flash_mode.common_tests.test_control.ControlTests.test_out_of_order___vm,Sudharshan
cdp.stargate.flash_mode.common_tests.test_control.ControlTests.test_out_of_order___vg,Sudharshan
cdp.stargate.flash_mode.common_tests.test_control.ControlTests.test_mixed___vm,Sudharshan
cdp.stargate.flash_mode.common_tests.test_control.ControlTests.test_mixed___vg,Sudharshan
cdp.stargate.flash_mode.common_tests.test_control.ControlTests.test_advanced_control___vm,Sudharshan
cdp.stargate.flash_mode.common_tests.test_control.ControlTests.test_advanced_control___vg,Sudharshan
cdp.stargate.flash_mode.common_tests.test_control.ControlTests.test_basic_control___vm,Sudharshan
cdp.stargate.flash_mode.common_tests.test_control.ControlTests.test_basic_control___vg,Sudharshan
mantle.test_infra.TestMantle.test_add_node,Sudharshan
mantle.lkm.test_restart.TestLKM.test_mantle_restart,Sudharshan
mantle.lkm.test_restart.TestLKM.test_host_reboot,Sudharshan
mantle.lkm.test_restart.TestLKM.test_cvm_reboot,Sudharshan
mantle.lkm.test_restart.TestLKM.test_cluster_restart,Sudharshan
mantle.lkm.test_plaintext_secrets.TestLKM.test_logs,Sudharshan
mantle.lkm.test_negative.TestLKM.test_access_deleted_secret,Sudharshan
mantle.lkm.test_negative.TestLKM.test_0_length_secret,Sudharshan
mantle.lkm.test_mk_rotate.TestLKM.test_version_change,Sudharshan
mantle.lkm.test_limits.TestLKM.test_10k_length_secret,Sudharshan
mantle.lkm.test_infra.TestLKM.test_add_node,Sudharshan
dr.ahv_sync_rep.vg_sync_rep.castor_smoke.test_volume_group_rest_v3.VolumeGroupRestV3Test.test_vg_update,Sudharshan
dr.ahv_sync_rep.vg_sync_rep.castor_smoke.test_volume_group_rest_v3.VolumeGroupRestV3Test.test_vg_clone,Sudharshan
dr.ahv_sync_rep.vg_sync_rep.castor_smoke.test_volume_group_rest_v3.VolumeGroupRestV3Test.test_disk_update,Sudharshan
dr.ahv_sync_rep.vg_sync_rep.castor_smoke.test_volume_group_rest_v3.VolumeGroupRestV3Test.test_disk_add,Sudharshan
dr.ahv_sync_rep.vg_sync_rep.castor_smoke.test_volume_group_rest_v3.VolumeGroupRestV3Test.test_create_vg,Sudharshan
dr.ahv_sync_rep.vg_sync_rep.castor_smoke.test_volume_group_rest_v3.VolumeGroupRestV3Test.test_clone_from_disk,Sudharshan
dr.ahv_sync_rep.vg_sync_rep.castor_smoke.test_volume_group_rest_v3.VolumeGroupRestV3Test.test_attach_external,Sudharshan
dr.ahv_sync_rep.vg_sync_rep.castor_smoke.test_volume_group_rest_v3.VolumeGroupRestV3Test.test_advanced_control,Sudharshan
dr.ahv_sync_rep.vg_sync_rep.castor_smoke.test_volume_group_acli.VolumeGroupAcliTest.test_update_vg,Sudharshan
dr.ahv_sync_rep.vg_sync_rep.castor_smoke.test_volume_group_acli.VolumeGroupAcliTest.test_direct_attach_vg_to_vm,Sudharshan
dr.ahv_sync_rep.vg_sync_rep.castor_smoke.test_volume_group_acli.VolumeGroupAcliTest.test_create_vg,Sudharshan
dr.ahv_sync_rep.vg_sync_rep.castor_smoke.test_volume_group_acli.VolumeGroupAcliTest.test_attach_external,Sudharshan
cdp.stargate.dit_encryption.test_dit_encryption.DITEncryptionTest.test_with_openssl_s_client_and_https_queries,Sudharshan
cdp.stargate.mixed_io_integrity.test_mixed.TestMixed~~~RF1_Support.test_mixed___ei_force_egroup_migrations,Sudharshan
cdp.stargate.power_cycling.test_crash.CrashTest~~~Encryption.test_all_hypervisors_crash,Sudharshan
cdp.stargate.encryption.test_io_integrity_dedup_compression_snapshot_encryption.DedupCompressionSnapshotEncryptionIOIntegrityTest.test_encryption_io_integrity_with_rekey_ei,Sudharshan
cdp.stargate.abs.test_vg_disk_ops_abs_io_integrity.ABSVGDiskOpsTest.test_vg_disk_ops_io_integrity___encryption,Sudharshan
cdp.stargate.enforceftc.test_enforceftc_basic.FtcEnforcementBasic.test_precheck_rf1container,Sudharshan
cdp.stargate.vdiskmigration.test_vdiskmigration_scale.VdiskMigrationScaleTest.test_scale_multiple_vm___abort,Sudharshan
cdp.stargate.vdiskmigration.test_vdiskmigration_scale.VdiskMigrationScaleTest.test_scale_multidisk_vm,Sudharshan
cdp.stargate.vdiskmigration.test_vdiskmigrate_with_ops.VdiskMigrationOpsTest.test_vdiskmigrate_vm_ops,Sudharshan
cdp.stargate.vdiskmigration.test_vdiskmigrate.VdiskMigrationTest.test_vdisk_migrate_ei___rolling,Sudharshan
cdp.curator.copyblockmap.test_sever_long_chains.SeverLongChainTest.test_long_chain_severing,Sudharshan
cdp.curator.copyblockmap.test_large_vdisk_copy_up.LargeVdiskCopyUp.test,Sudharshan
cdp.stargate.abs.test_vg_disk_ops_abs_io_integrity.ABSVGDiskOpsTest.test_vg_disk_ops_io_integrity,Sudharshan
cdp.stargate.abs.test_vg_clone_abs_io_integrity.ABSVGCloneTest.test_vg_clone_io_integrity,Sudharshan
cdp.stargate.abs.test_shared_vg_abs_io_integrity.ABSSharedVGTest.test_shared_vg_io_integrity___ei,Sudharshan
cdp.stargate.abs.test_shared_vg_abs_io_integrity.ABSSharedVGTest.test_shared_vg_io_integrity,Sudharshan
cdp.stargate.space_usage_test.test_space_utilization.SpaceUtilizationTest.test_partial_write_space_usage,Sudharshan
cdp.stargate.space_usage_test.test_space_utilization.SpaceUtilizationTest.test_basic_space_usage,Sudharshan
cdp.stargate.power_cycling.test_crash.CrashTest.test_all_svms_crash,Sudharshan
cdp.stargate.flash_mode.common_tests.test_alert.AlertTest.test_alert,Sudharshan
cdp.stargate.flash_mode.migration_tests.test_migration.MigrationTests.test_migration,Sudharshan
cdp.stargate.flash_mode.multiple_ops_tests.test_flash_storm.FlashStormTests.test_flash_storm___vm,Sudharshan
cdp.stargate.flash_mode.entity_level_tests.test_vm_vg_independence.VmVgIndependenceTests.test_vg_vm_flash_independence,Sudharshan
cdp.stargate.flash_mode.entity_level_tests.test_disk_add_remove.DiskAddRemoveTests.test_all_vdisk_exclude___vm,Sudharshan
cdp.stargate.flash_mode.entity_level_tests.test_disk_add_remove.DiskAddRemoveTests.test_all_vdisk_exclude___vg,Sudharshan
cdp.stargate.flash_mode.entity_level_tests.test_clone.CloneTests.test_clone___vm,Sudharshan
cdp.stargate.mixed_io_integrity.test_mixed.TestMixed~~~AES.test_mixed___ei_force_egroup_migrations,Sudharshan
cdp.stargate.enforceftc.test_enforceftc_basic.FtcEnforcementBasic.test_precheck_storagespace,Sudharshan
cdp.stargate.flash_mode.common_tests.test_pinned_parent_vdisk.PinnedParentVDiskTests.test_pinned_parent_vdisk,Sudharshan
cdp.stargate.abs.test_scsi3_pr.SCSI3PRTest.test_scsi3_pr___direct_attach,Sudharshan
cdp.stargate.abs.test_scsi3_pr.SCSI3PRTest.test_scsi3_pr,Sudharshan
cdp.curator.goldsuite_iointegrity.test_goldsuite.CuratorGoldSuiteTest~~~RF1_Support.test_gold___disk_removal,Sudharshan
cdp.curator.goldsuite_iointegrity.test_goldsuite.CuratorGoldSuiteTest~~~RF1_Support.test_gold___disk_offline,Sudharshan
mantle.test_cluster_ops.TestMantle.test_host_reboot,Sudharshan
cdp.stargate.flash_mode.common_tests.test_data_residence.DataResidenceTests.test_data_residence,Sudharshan
cdp.stargate.power_cycling.test_crash.CrashTest~~~Encryption.test_all_svms_crash,Sudharshan
cdp.stargate.power_cycling.test_crash.CrashTest~~~AES.test_all_hypervisors_crash,Sudharshan
cdp.curator.precommit.test_curator_basics.CuratorBasicTest.test_curator_basic_functionality_aes_enabled,Sudharshan
cdp.stargate.aes.brownfield.test_aes_brownfield.AESBrownfield.test_aes_brownfield_verification,Sudharshan
cdp.stargate.enforceftc.test_enforceftc_io.FtcEnforcementIo.test_atfullcapacity_iointegrity,Sudharshan
cdp.stargate.enforceftc.test_enforceftc_io.FtcEnforcementIo.test_atfullcapacity_io,Sudharshan
cdp.stargate.vdiskmigration.test_vdiskmigrate.VdiskMigrationTest.test_vdisk_migrate,Sudharshan
cdp.stargate.vdiskmigration.test_vdiskmigration_integrity.VdiskMigrationIntegrityTest.test_vdiskmigration_copy_integrity,Sudharshan
cdp.stargate.vdiskmigration.test_vdiskmigrate_with_ops.VdiskMigrationOpsTest.test_vdiskmigrate_vdisk_ops,Sudharshan
cdp.stargate.abs.test_parallel_vg_ops.TestVolumeGroupOps.test_volume_group_ops,Sudharshan
cdp.stargate.abs.test_abs_io_integrity_dedup_compression_snapshot.ABSDedupCompressionSnapshotIOIntegrityTest.test_abs_svm_power_cycle_io_integrity,Sudharshan
cdp.stargate.abs.test_abs_failover_failback_io_integrity.ABSFailoverFailbackTest.test_abs_failover_failback_io_integrity,Sudharshan
cdp.stargate.abs.test_abs_toggle_virtual_targets.ABSToggleVirtualTargets.test_abs_toggle_virtual_targets,Sudharshan
cdp.stargate.abs.test_unmap.UnmapTest.test_unmap,Sudharshan
cdp.stargate.power_cycling.test_io_integrity_power_cycling.PowerCyclingIOIntegrityTest.test_io_integrity___svm_power_cycle,Sudharshan
cdp.stargate.power_cycling.test_crash.CrashTest.test_all_hypervisors_crash,Sudharshan
cdp.stargate.flash_mode.common_tests.test_control.ControlTests~~~All_flash.test_basic_control___vg,Sudharshan
cdp.stargate.mixed_io_integrity.test_mixed.TestMixed~~~AES.test_mixed_ft2___ei,Sudharshan
cdp.stargate.oplog_replication_index.test_oplog_replication_index_iointegrity.TestOplogIndexIntegrity.test_oplog_replication_integrity___bg_vm_clone,Sudharshan
cdp.stargate.mixed_io_integrity.test_mixed.TestMixed~~~Encryption.test_mixed_ft2,Sudharshan
cdp.stargate.mixed_io_integrity.test_mixed.TestMixed.test_mixed_ft2,Sudharshan
cdp.stargate.flash_mode.common_tests.test_control.ControlTests~~~All_flash.test_basic_control___vm,Sudharshan
cdp.stargate.enforceftc.test_oru.ORUTest.test_oru___rebuild_node_atfullcapacity,Sudharshan
cdp.stargate.enforceftc.test_oru.ORUTest.test_oru___node_failure,Sudharshan
cdp.stargate.enforceftc.test_oru.ORUTest.test_oru___domain_failure_EI,Sudharshan
mantle.lkm.test_backup.TestBackup.test_lkm_recover___cloud_kms,Sudharshan
mantle.cloud_kms.test_pc.TestPC.test_mantle_cli_crud,Sudharshan
dr.ahv_sync_rep.vg_sync_rep.castor.test_castor_upgrade.CastorUpgradeTest.test_upgrade_to_castor,Sudharshan
dr.ahv_sync_rep.vg_sync_rep.castor.test_castor_scanner.CastorScannerTest.test_castor_scanner_deleted_vg,Sudharshan
awsclusters.snap2s3.flags_and_hateaos_links.test_snap2s3_flags_and_hateaos_links.TestSnap2S3FlagsAndHateaosLinks.test_snap2s3_v4_apis_hateoas_links,Sudharshan
awsclusters.snap2s3.flags_and_hateaos_links.test_snap2s3_flags_and_hateaos_links.TestSnap2S3FlagsAndHateaosLinks.test_snap2s3_v4_apis_flags_metadata,Sudharshan
awsclusters.snap2s3.rbac.test_snap2s3_rbac.TestSnap2S3RBAC~~~Disaster_Recovery_Viewer_No_Scope.test_snap2s3_rbac,Sudharshan
awsclusters.snap2s3.rbac.test_snap2s3_rbac.TestSnap2S3RBAC~~~Disaster_Recovery_Viewer.test_snap2s3_rbac,Sudharshan
awsclusters.snap2s3.rbac.test_snap2s3_rbac.TestSnap2S3RBAC~~~Disaster_Recovery_Admin_No_Scope.test_snap2s3_rbac,Sudharshan
awsclusters.snap2s3.rbac.test_snap2s3_rbac.TestSnap2S3RBAC~~~Disaster_Recovery_Admin.test_snap2s3_rbac,Sudharshan
awsclusters.snap2s3.rbac.test_snap2s3_rbac.TestSnap2S3RBAC~~~Prism_Viewer_No_Scope.test_snap2s3_rbac,Sudharshan
awsclusters.snap2s3.rbac.test_snap2s3_rbac.TestSnap2S3RBAC~~~Prism_Admin_No_Scope.test_snap2s3_rbac,Sudharshan
awsclusters.snap2s3.rbac.test_snap2s3_rbac.TestSnap2S3RBAC~~~Prism_Admin.test_snap2s3_rbac,Sudharshan
awsclusters.snap2s3.rbac.test_snap2s3_rbac.TestSnap2S3RBAC~~~Cluster_Viewer_No_Scope.test_snap2s3_rbac,Sudharshan
awsclusters.snap2s3.rbac.test_snap2s3_rbac.TestSnap2S3RBAC~~~Cluster_Viewer.test_snap2s3_rbac,Sudharshan
awsclusters.snap2s3.rbac.test_snap2s3_rbac.TestSnap2S3RBAC~~~Cluster_Admin_No_Scope.test_snap2s3_rbac,Sudharshan
awsclusters.snap2s3.rbac.test_snap2s3_rbac.TestSnap2S3RBAC~~~Cluster_Admin.test_snap2s3_rbac,Sudharshan
cdp.curator.precommit.test_curator_basics.CuratorBasicTest.test_curator_basic_functionality,Sudharshan
cdp.curator.goldsuite.test_curator_gold_suite.CuratorGoldSuiteTest.test_gold___with_ei,Sudharshan
cdp.curator.goldsuite_iointegrity.test_goldsuite.CuratorGoldSuiteTest.test_gold___node_offline_and_bg_task_retention,Sudharshan
cdp.curator.goldsuite_iointegrity.test_goldsuite.CuratorGoldSuiteTest.test_gold___node_offline,Sudharshan
cdp.curator.goldsuite_iointegrity.test_goldsuite.CuratorGoldSuiteTest.test_gold___disk_offline_and_disk_removal,Sudharshan
cdp.curator.goldsuite_iointegrity.test_goldsuite.CuratorGoldSuiteTest.test_gold___disk_balancing,Sudharshan
cdp.curator.goldsuite_iointegrity.test_goldsuite.CuratorGoldSuiteTest~~~AES.test_gold___multiple_disk_offline_with_disk_removal_rf3_1n_2d,Sudharshan
cdp.curator.goldsuite_iointegrity.test_goldsuite.CuratorGoldSuiteTest.test_gold___multiple_disk_offline_with_disk_removal_rf3_1n_2d,Sudharshan
cdp.stargate.adaptive_rf3.io_integrity.test_adaptive_rf3.AdaptiveRF3IOIntegrity.test_adaptive_rf3___disk_removal_and_node_offline_parallel_with_encryption,Sudharshan
cdp.stargate.adaptive_rf3.io_integrity.test_adaptive_rf3.AdaptiveRF3IOIntegrity.test_adaptive_rf3___multiple_disk_failure,Sudharshan
cdp.stargate.adaptive_rf3.io_integrity.test_adaptive_rf3.AdaptiveRF3IOIntegrity.test_adaptive_rf3___node_offline_disk_offline_parallel,Sudharshan
cdp.stargate.adaptive_rf3.io_integrity.test_adaptive_rf3.AdaptiveRF3IOIntegrity.test_adaptive_rf3___disk_node_removal_sequential,Sudharshan
cdp.stargate.adaptive_rf3.io_integrity.test_adaptive_rf3.AdaptiveRF3IOIntegrity.test_adaptive_rf3___disk_node_removal_sequential_with_usage_beyond_threshold,Sudharshan
cdp.stargate.space_reservation.test_io_integrity_space_reservation.SpaceReservationIOIntegrityTest.test_io_integrity___space_reservation,Sudharshan
cdp.stargate.mixed_io_integrity.test_mixed.TestMixed~~~AES_Brownfield.test_mixed_ft2___ei,Sudharshan
cdp.stargate.mixed_io_integrity.test_mixed.TestMixed~~~AES_Brownfield.test_mixed_snapshot___ei,Sudharshan
cdp.stargate.checksum_regions.test_io_integrity_checksum_size_intermix.ChecksumSizeIntermixIOIntegrityTest.test_io_integrity,Sudharshan
cdp.stargate.mixed_io_integrity.test_mixed.TestMixed.test_mixed___ei_force_egroup_migrations,Sudharshan
cdp.curator.goldsuite_iointegrity.test_goldsuite.CuratorGoldSuiteTest.test_gold___node_removal_add,Sudharshan
cdp.curator.goldsuite.test_curator_gold_suite.CuratorGoldSuiteTest.test_gold___encryption_only,Sudharshan
cdp.curator.goldsuite.test_curator_gold_suite.CuratorGoldSuiteTest.test_gold___all,Sudharshan
cdp.curator.goldsuite_iointegrity.test_goldsuite.CuratorGoldSuiteTest~~~RF1_Support.test_gold___node_removal_add,Sudharshan
cdp.curator.goldsuite_iointegrity.test_goldsuite.CuratorGoldSuiteTest~~~AES.test_gold___disk_removal_and_node_offline_rfx,Sudharshan
cdp.curator.goldsuite_iointegrity.test_goldsuite.CuratorGoldSuiteTest.test_gold___encryption_only,Sudharshan
cdp.curator.goldsuite_iointegrity.test_goldsuite.CuratorGoldSuiteTest.test_gold___disk_removal_and_node_offline_with_encryption,Sudharshan
cdp.curator.goldsuite_iointegrity.test_goldsuite.CuratorGoldSuiteTest.test_gold___disk_removal_and_node_offline_rfx,Sudharshan
cdp.curator.goldsuite_iointegrity.test_goldsuite.CuratorGoldSuiteTest.test_gold___disk_offline_and_node_removal,Sudharshan
cdp.curator.goldsuite_iointegrity.test_goldsuite.CuratorGoldSuiteTest.test_gold___disk_offline_and_bg_task_retention,Sudharshan
cdp.stargate.aes.test_bg_scan_verification.TestBackgroundScanOps.test_bg_scan_random_operations,Sudharshan
cdp.stargate.robo_encryption.test_io_integrity_compression_snapshot_encryption.CompressionSnapshotEncryptionIOIntegrityTest.test_mantle_key_workflow,Sudharshan
cdp.stargate.power_cycling.test_crash.CrashTest~~~nvme_serviceability.test_all_hypervisors_crash,Sudharshan
cdp.stargate.power_cycling.test_io_integrity_power_cycling.PowerCyclingIOIntegrityTest~~~nvme_serviceability.test_io_integrity___node_power_cycle,Sudharshan
cdp.stargate.power_cycling.test_io_integrity_power_cycling.PowerCyclingIOIntegrityTest~~~nvme_serviceability.test_io_integrity___svm_power_cycle,Sudharshan
cdp.stargate.erasure_code.test_ec_mixed_io_integrity.ECMixedIOIntegrityTest~~~Encryption.test_ei_io_integrity___ft2,Shilpa
cdp.stargate.qos_policy.vm_throttling.test_qos_policy.TestQOSPolicy.test_policy_advance___clone_esx,Shilpa
mercury.s3m.test_s3m_pc.TestSessionManagementPC.test_pc_iamv2_cookie_management_ui,Shilpa
cdp.stargate.storage_policy.pcdr.test_sp_pcdr.TestStoragePolicyPCDR.test_sp_pcdr___sp_updated_after_backup_and_vm_override,Shilpa
cdp.stargate.storage_policy.pcdr.test_sp_pcdr.TestStoragePolicyPCDR.test_sp_pcdr___multiple_crash_and_recoveries,Shilpa
cdp.stargate.storage_policy.pcdr.test_sp_pcdr.TestStoragePolicyPCDR.test_sp_pcdr___sp_marked_for_removal,Shilpa
cdp.stargate.storage_policy.pcdr.test_sp_pcdr.TestStoragePolicyPCDR.test_sp_pcdr___sp_deleted_after_backup,Shilpa
cdp.hades.disk_api_tests.test_disk_v4_api.TestDiskV4API.test_random_api_when_hades_is_down,Shilpa
cdp.hades.disk_api_tests.test_disk_v4_api.TestDiskV4API.test_disk_repartition_add_zeus_api,Shilpa
cdp.hades.all_nvme_support.test_all_nvme_support.TestAllNvmeSupport.test_disk_remove_add,Shilpa
cdp.stargate.erasure_code.aesdb_corrupt.test_erasure_aesdb_corrupt.ErasureAESDBCorrupt.test_erasure_aesdb_corrupt___corrupt_sstable_blocks,Shilpa
cdp.stargate.erasure_code.aesdb_corrupt.test_erasure_aesdb_corrupt.ErasureAESDBCorrupt.test_erasure_aesdb_corrupt___truncate_manifest,Shilpa
cdp.stargate.erasure_code.aesdb_corrupt.test_erasure_aesdb_corrupt.ErasureAESDBCorrupt.test_erasure_aesdb_corrupt___corrupt_random_sstable_blocks,Shilpa
cdp.stargate.erasure_code.aesdb_corrupt.test_erasure_aesdb_corrupt.ErasureAESDBCorrupt.test_erasure_aesdb_corrupt___truncate_manifest_curator_test,Shilpa
cdp.stargate.flash_mode.entity_level_tests.test_container_properties.ContainerPropertiesTests.test_container___vm,Shilpa
cdp.stargate.flash_mode.entity_level_tests.test_container_properties.ContainerPropertiesTests.test_container___vg,Shilpa
cdp.stargate.erasure_code.node_down.test_ec_node_down_integrity.ECNodeDownIntegrityTest~~~data_in_transit.test_ec_node_down_integrity___erasure_one_block_down,Shilpa
cdp.stargate.erasure_code.node_down.test_ec_node_down_integrity.ECNodeDownIntegrityTest~~~Inline_EC.test_ec_node_down_integrity___erasure_one_block_down,Shilpa
cdp.stargate.erasure_code.node_down.test_ec_node_down_integrity.ECNodeDownIntegrityTest~~~Inline_EC.test_ec_node_down_integrity,Shilpa
cdp.stargate.erasure_code.test_ec_vm_clone_io_integrity.ECCloneVMIntegrityTest~~~Inline_EC.test_ec_vm_clone_io_integrity,Shilpa
cdp.stargate.erasure_code.power_cycling.test_ec_power_cycle_io_integrity.ECPowerCycleIOIntegrityTest~~~Inline_EC.test_io_integrity_svm_power_cycle___mixed,Shilpa
cdp.stargate.erasure_code.power_cycling.test_ec_power_cycle_io_integrity.ECPowerCycleIOIntegrityTest~~~Inline_EC.test_io_integrity_svm_power_cycle,Shilpa
manageability.ui.pe.vm.rf1.test_rf1_workflow.RF1WorkflowTest.test_container_and_vm_creation,Shilpa
cdp.stargate.encryption.test_io_integrity_dedup_compression_snapshot_encryption.DedupCompressionSnapshotEncryptionIOIntegrityTest.test_encryption_io_integrity_with_rekey_ei___ekm,Shilpa
cdp.stargate.encryption.test_io_integrity_dedup_compression_snapshot_encryption.DedupCompressionSnapshotEncryptionIOIntegrityTest.test_encryption_io_integrity_with_node_remove_add,Shilpa
cdp.stargate.encryption.test_io_integrity_dedup_compression_snapshot_encryption.DedupCompressionSnapshotEncryptionIOIntegrityTest.test_encryption_io_integrity_with_node_remove_add___ekm,Shilpa
cdp.stargate.erasure_code.test_ec_mixed_io_integrity.ECMixedIOIntegrityTest~~~Blockstore_SPDK.test_ei_io_integrity,Shilpa
cdp.stargate.erasure_code.test_ec_vm_clone_io_integrity.ECCloneVMIntegrityTest.test_ec_vm_clone_io_integrity,Shilpa
cdp.stargate.vdiskmigration.test_vdiskmigrate.VdiskMigrationTest.test_vdisk_migrate___dedup_compression_ec,Shilpa
cdp.stargate.dedup_compression.test_io_integrity_dedup_compression_snapshot.DedupCompressionSnapshotIOIntegrityTest.test_io_integrity___add_remove_node,Shilpa
cdp.stargate.erasure_code.test_erasure_overwrite_with_checksum_size_toggle.ErasureOverwriteChecksumToggleTest~~~Inline_EC.test_erasure_integrity,Shilpa
cdp.stargate.erasure_code.test_ec_mixed_snapshot_io_integrity.ECMixedSnapshotIOIntegrityTest.test_io_integrity___block_io_integrity_ft2,Shilpa
cdp.stargate.erasure_code.erasure_recode.test_erasure_recode_io_integrity.ECRecodeIOIntegrityTest~~~Inline_EC.test_io_integrity_ft2,Shilpa
cdp.stargate.erasure_code.erasure_recode.test_erasure_recode_io_integrity.ECRecodeIOIntegrityTest.test_io_integrity___ei_gflags,Shilpa
cdp.stargate.storage_policy.snapshot_clone.test_snapshot_clone.TestSPSnapshotClone.test_sp_recovery_point___shared_data,Shilpa
cdp.stargate.storage_policy.snapshot_clone.test_snapshot_clone.TestSPSnapshotClone.test_sp_clone___pc_shared_data,Shilpa
cdp.stargate.storage_policy.rf.test_sp_rf.TestSPRF.test_rf___interOp_with_resiliency_reporting,Shilpa
cdp.stargate.storage_policy.snapshot_clone.test_snapshot_clone.TestSPSnapshotClone.test_sp_snapshot___clone_inplace_restore_vm_on_pe,Shilpa
cdp.stargate.storage_policy.snapshot_clone.test_snapshot_clone.TestSPSnapshotClone.test_sp_recovery_point___clone_replicate_restore_vm_on_pc,Shilpa
cdp.stargate.storage_policy.snapshot_clone.test_snapshot_clone.TestSPSnapshotClone.test_sp_protection_domain___restore_entities_via_clone_and_in_place_restore,Shilpa
cdp.stargate.storage_policy.snapshot_clone.test_snapshot_clone.TestSPSnapshotClone.test_sp_clone___pe_and_pc,Shilpa
cdp.stargate.storage_policy.snapshot_clone.test_snapshot_clone.TestSPSnapshotClone.test_sp_snapshot___chain_with_stale_policy,Shilpa
cdp.stargate.storage_policy.snapshot_clone.test_snapshot_clone.TestSPSnapshotClone.test_sp_snapshot___chain_with_different_policies,Shilpa
cdp.stargate.storage_policy.io_integrity.test_sp_io_integrity.TestSPIntegrity~~~with_ec_dedup.test_storage_policy_integrity___snapshot,Shilpa
cdp.stargate.storage_policy.io_integrity.test_sp_io_integrity.TestSPIntegrity.test_storage_policy_integrity___snapshot_with_mixed_EI,Shilpa
cdp.stargate.storage_policy.io_integrity.test_sp_io_integrity.TestSPIntegrity.test_storage_policy_integrity___snapshot,Shilpa
cdp.stargate.storage_policy.io_integrity.test_sp_io_integrity.TestSPIntegrity.test_storage_policy_integrity___snapshot_with_EI,Shilpa
cdp.stargate.erasure_code.aesdb_corrupt.test_erasure_aesdb_corrupt.ErasureAESDBCorrupt.test_erasure_aesdb_corrupt___corrupt_sstable_block_curator_test_ft2,Shilpa
cdp.stargate.erasure_code.aesdb_corrupt.test_erasure_aesdb_corrupt.ErasureAESDBCorrupt.test_erasure_aesdb_corrupt___corrupt_sstable_blocks_ft2,Shilpa
cdp.stargate.erasure_code.aesdb_corrupt.test_erasure_aesdb_corrupt.ErasureAESDBCorrupt.test_erasure_aesdb_corrupt___truncate_manifest_curator_test_ft2,Shilpa
cdp.stargate.erasure_code.aesdb_corrupt.test_erasure_aesdb_corrupt.ErasureAESDBCorrupt.test_erasure_aesdb_corrupt___truncate_sstable_ft2,Shilpa
cdp.stargate.erasure_code.aesdb_corrupt.test_erasure_aesdb_corrupt.ErasureAESDBCorrupt.test_erasure_aesdb_corrupt___truncate_sstable,Shilpa
cdp.stargate.erasure_code.test_ec_mixed_snapshot_io_integrity.ECMixedSnapshotIOIntegrityTest.test_ei_io_integrity___block_io_integrity_ft2,Shilpa
cdp.stargate.erasure_code.node_down.test_ec_node_down_integrity.ECNodeDownIntegrityTest~~~Inline_EC.test_ec_node_down_integrity___erasure_two_blocks_down,Shilpa
cdp.stargate.erasure_code.node_down.test_ec_node_down_integrity.ECNodeDownIntegrityTest.test_ec_node_down_integrity___erasure_two_blocks_down,Shilpa
cdp.stargate.erasure_code.erasure_recode.test_erasure_recode_io_integrity.ECRecodeIOIntegrityTest~~~Inline_EC.test_io_integrity_ft2___node_down,Shilpa
cdp.stargate.erasure_code.erasure_recode.test_erasure_recode_io_integrity.ECRecodeIOIntegrityTest~~~Inline_EC.test_io_integrity_ft2___ei_gflags,Shilpa
cdp.stargate.erasure_code.erasure_recode.test_erasure_recode_io_integrity.ECRecodeIOIntegrityTest~~~Inline_EC.test_io_integrity___ei_gflags,Shilpa
cdp.stargate.erasure_code.erasure_recode.test_erasure_recode_io_integrity.ECRecodeIOIntegrityTest~~~Inline_EC.test_io_integrity,Shilpa
cdp.stargate.erasure_code.erasure_recode.test_erasure_recode_io_integrity.ECRecodeIOIntegrityTest.test_io_integrity_ft2___node_down,Shilpa
cdp.stargate.erasure_code.erasure_recode.test_erasure_recode_io_integrity.ECRecodeIOIntegrityTest.test_io_integrity_ft2___ei_gflags,Shilpa
cdp.stargate.erasure_code.erasure_recode.test_erasure_recode_io_integrity.ECRecodeIOIntegrityTest.test_io_integrity_ft2,Shilpa
cdp.stargate.erasure_code.erasure_recode.test_erasure_recode_io_integrity.ECRecodeIOIntegrityTest.test_io_integrity,Shilpa
cdp.stargate.storage_policy.error_injection.test_ei.TestStoragePolicyErrorInjection.test_storage_policy___create_random,Shilpa
cdp.stargate.storage_policy.error_injection.test_ei.TestStoragePolicyErrorInjection.test_storage_policy___add_disk_random,Shilpa
cdp.external_storage.stargate.test_pure_storage.TestPureStorage.test_disk_deletion_operations,Shilpa
manageability.ui.pc.qos.test_qos.QOSTest.test_set_invalid_throughput_for_single_vm,Shilpa
manageability.api.enhanced_pc_rbac.containers.test_rbac_containers.TestRbacContainers.test_rbac_containers,Shilpa
cdp.stargate.qos_policy.vm_throttling.test_qos_policy.TestQOSPolicy.test_policy_advance___snapshot,Shilpa
cdp.stargate.erasure_code.test_ec_mixed_snapshot_io_integrity.ECMixedSnapshotIOIntegrityTest.test_io_integrity___ft2,Shilpa
cdp.stargate.erasure_code.erasure_decode.test_erasure_decode_io_integrity.ErasureDecodeIOIntegrity~~~Inline_EC.test_erasure_component_ei_decode_io_integrity,Shilpa
cdp.stargate.erasure_code.erasure_decode.test_erasure_decode_io_integrity.ErasureDecodeIOIntegrity~~~Inline_EC.test_erasure_decode_io_integrity,Shilpa
manageability.ui.pe.rack_awareness.test_rack_awareness.RackAwarenessTest.test_verify_display_warning_message_for_non_pro_license,Shilpa
cdp.stargate.flash_mode.entity_level_tests.test_diskless_entities.DisklessEntityTests.test_vdiskless_behavior___vm,Shilpa
cdp.stargate.flash_mode.entity_level_tests.test_diskless_entities.DisklessEntityTests.test_vdiskless_behavior___vg,Shilpa
dr.ahv_sync_rep.vg_sync_rep.castor_smoke.test_volume_group_rest_v3.VolumeGroupRestV3Test.test_disk_update,Shilpa
dr.ahv_sync_rep.vg_sync_rep.castor_smoke.test_volume_group_rest_v3.VolumeGroupRestV3Test.test_disk_add,Shilpa
envoy.secure_communication.zookeeper.test_zookeeper.TestSecureZookeeper.test_secure_tcp_zookeeper___reg,Shilpa
cdp.stargate.erasure_code.power_cycling.test_ec_power_cycle_io_integrity.ECPowerCycleIOIntegrityTest~~~Inline_EC.test_io_integrity_svm_power_cycle___system_crash,Shilpa
cdp.stargate.erasure_code.disk_operations.test_erasure_disk_remove_add_integrity.ECDiskRemoveAdd~~~Inline_EC.test_disk_remove_add_integrity___remove_metadata_disk,Shilpa
cdp.stargate.erasure_code.disk_operations.test_erasure_disk_remove_add_integrity.ECDiskRemoveAdd~~~Inline_EC.test_disk_remove_add_integrity___remove_hdd,Shilpa
cdp.stargate.erasure_code.test_erasure_on_off_io_integrity.ErasureOnOffIOIntegrityTest~~~Inline_EC.test_erasure_on_off_io_integrity___component_ei,Shilpa
cdp.stargate.erasure_code.test_erasure_on_off_io_integrity.ErasureOnOffIOIntegrityTest~~~Inline_EC.test_erasure_on_off_io_integrity,Shilpa
cdp.stargate.erasure_code.test_ec_mixed_io_integrity.ECMixedIOIntegrityTest~~~Inline_EC.test_io_integrity,Shilpa
cdp.stargate.erasure_code.test_ec_mixed_io_integrity.ECMixedIOIntegrityTest~~~Inline_EC.test_ei_io_integrity,Shilpa
cdp.stargate.erasure_code.test_ec_mixed_snapshot_io_integrity.ECMixedSnapshotIOIntegrityTest~~~Encryption.test_io_integrity,Shilpa
cdp.stargate.encryption.test_io_integrity_dedup_compression_snapshot_encryption.DedupCompressionSnapshotEncryptionIOIntegrityTest.test_encryption_io_integrity_with_rekey_ei,Shilpa
cdp.stargate.erasure_code.test_erasure_on_off_io_integrity.ErasureOnOffIOIntegrityTest~~~Encryption.test_erasure_on_off_io_integrity___component_ei,Shilpa
cdp.stargate.dedup_compression.test_io_integrity_dedup_compression_snapshot.DedupCompressionSnapshotIOIntegrityTest~~~Encryption.test_io_integrity___dedupe,Shilpa
cdp.stargate.dedup_compression.test_io_integrity_dedup_compression_snapshot.DedupCompressionSnapshotIOIntegrityTest~~~AES.test_io_integrity___ei_dedup_compression,Shilpa
cdp.stargate.dedup_compression.test_io_integrity_dedup_compression_snapshot.DedupCompressionSnapshotIOIntegrityTest~~~AES.test_io_integrity___dedup_compression,Shilpa
cdp.stargate.enforceftc.test_enforceftc_basic.FtcEnforcementBasic.test_precheck_rf1container,Shilpa
cdp.stargate.dedup_copyblockmap.test_dedup_io_integrity_with_cbm.TestDedupIOIntegrityWithCBM.test_io_integrity,Shilpa
cdp.stargate.dedup_compression.test_io_integrity_dedup_compression_snapshot.DedupCompressionSnapshotIOIntegrityTest.test_io_integrity___ei_dedup_compression,Shilpa
cdp.stargate.dedup_compression.test_io_integrity_dedup_compression_snapshot.DedupCompressionSnapshotIOIntegrityTest.test_io_integrity___dedupe,Shilpa
cdp.stargate.dedup_compression.test_io_integrity_dedup_compression_snapshot.DedupCompressionSnapshotIOIntegrityTest.test_io_integrity___compression,Shilpa
cdp.stargate.flash_mode.entity_level_tests.test_disk_add_remove.DiskAddRemoveTests.test_all_vdisk_exclude___vm,Shilpa
cdp.stargate.flash_mode.entity_level_tests.test_disk_add_remove.DiskAddRemoveTests.test_all_vdisk_exclude___vg,Shilpa
cdp.stargate.erasure_code.disk_operations.test_erasure_disk_remove_add_integrity.ECDiskRemoveAdd~~~Inline_EC.test_disk_remove_add_integrity___remove_primary_curator_disk,Shilpa
cdp.stargate.dedup_compression.test_io_integrity_dedup_compression_snapshot.DedupCompressionSnapshotIOIntegrityTest.test_io_integrity___dedup_compression,Shilpa
manageability.ui.pe.home_page.test_storage_summary_widget.StorageSummaryWidgetTest.test_storage_summary_widget___decrease_container_rf_rack_aware,Shilpa
manageability.ui.pe.home_page.test_storage_summary_widget.StorageSummaryWidgetTest.test_storage_summary_widget___decrease_container_rf_node_aware,Shilpa
manageability.ui.pe.home_page.test_storage_summary_widget.StorageSummaryWidgetTest.test_storage_summary_widget___decrease_container_rf_block_aware,Shilpa
manageability.ui.pe.home_page.test_data_resiliency_widget.DataResiliencyTest.test_data_resiliency_widget___decrease_container_rf_rack_aware,Shilpa
manageability.ui.pe.home_page.test_data_resiliency_widget.DataResiliencyTest.test_data_resiliency_widget___decrease_container_rf_node_aware,Shilpa
manageability.ui.pe.home_page.test_data_resiliency_widget.DataResiliencyTest.test_data_resiliency_widget___decrease_container_rf_block_aware,Shilpa
rest.test_volume_group_v3.VolumeGroupRestTest.test_disk_update,Shilpa
rest.test_volume_group_v3.VolumeGroupRestTest.test_disk_add,Shilpa
cdp.stargate.erasure_code.power_cycling.test_ec_power_cycle_io_integrity.ECPowerCycleIOIntegrityTest~~~Inline_EC.test_io_integrity_node_power_cycle,Shilpa
cdp.stargate.erasure_code.test_erasure_egroup_ei_mixed_io_integrity.ECEgroupEIMixedIOIntegrityTest~~~Inline_EC.test_io_integrity,Shilpa
cdp.stargate.erasure_code.test_erasure_egroup_ei_mixed_io_integrity.ECEgroupEIMixedIOIntegrityTest~~~Encryption.test_io_integrity,Shilpa
cdp.stargate.erasure_code.disk_operations.test_erasure_disk_remove_add_integrity.ECDiskRemoveAdd~~~AES.test_disk_remove_add_integrity___remove_primary_curator_disk,Shilpa
cdp.stargate.erasure_code.disk_operations.test_erasure_disk_remove_add_integrity.ECDiskRemoveAdd~~~AES.test_disk_remove_add_integrity___remove_metadata_disk,Shilpa
cdp.stargate.erasure_code.disk_operations.test_erasure_disk_remove_add_integrity.ECDiskRemoveAdd~~~AES.test_disk_remove_add_integrity___remove_hdd,Shilpa
cdp.stargate.abs.test_abs_io_integrity_dedup_compression_snapshot.ABSDedupCompressionSnapshotIOIntegrityTest.test_abs_svm_power_cycle_io_integrity,Shilpa
mercury.s3m.test_s3m_pc.TestSessionManagementPC~~~1_node.test_pc_iamv2_cookie_management_ui,Shilpa
mercury.s3m.test_s3m_pc.TestSessionManagementPC~~~1_node.test_idf_down_api_response_max_sessions,Shilpa
mercury.s3m.test_s3m_pc.TestSessionManagementPC~~~1_node.test_session_invalidation,Shilpa
mercury.sanity.test_pe_pc_comm.TestPePcComm.test_pe_pc_communication_large_api___network_delay,Shilpa
mercury.sanity.test_pe_pc_comm.TestPePcComm.test_pe_pc_communication_large_api___packet_loss,Shilpa
mercury.sanity.test_pe_pc_comm.TestPePcComm.test_pe_pc_communication_large_api___packet_corruption,Shilpa
cdp.stargate.storage_policy.rbac.test_storage_policy_rbac.TestStoragePolicyRBAC.test_storage_policy_grbac,Shilpa
cdp.stargate.storage_policy.api.test_storage_policy.TestStoragePolicy.test_storage_policy___sp_operations,Shilpa
cdp.stargate.storage_policy.compliance.test_storage_compliance.TestStorageCompliance.test_storage_compliance___ahv_snapshot_clones,Shilpa
cdp.stargate.storage_policy.compliance.test_storage_compliance.TestStorageCompliance.test_storage_compliance___pc_pe_clone,Shilpa
manageability.v4.storage_container.test_sdk_sc_stats.TestContainerStatsV4SDK.test_stats,Shilpa
manageability.v4.storage_container.test_container_api.TestContainerV4Api.test_sc_crud___negative_with_async_process,Shilpa
manageability.v4.rbac.test_container_v4_rbac_api.TestContainerV4Api.test_container_grbac,Shilpa
cdp.stargate.storage_policy.api.test_storage_policy.TestStoragePolicy.test_storage_policy___cud,Shilpa
cdp.stargate.storage_policy.default_storage_policy.test_default_storage_policy.TestDSP.test_default_storage_policy,Shilpa
cdp.stargate.volume_group.negative.test_vg_v4_api_negative.TestVGV4ApiNegative.test_volume_invalid_licensing_field,Shilpa
cdp.stargate.erasure_code.test_erasure_egroup_ei_mixed_io_integrity.ECEgroupEIMixedIOIntegrityTest~~~AES.test_io_integrity,Shilpa
manageability.v4.disk.test_disk_api.TestDiskV4Api.test_disk_list_filter_with_schema,Shilpa
manageability.v4.disk.test_disk_api.TestDiskV4Api.test_disk_list_with_sort,Shilpa
manageability.v4.disk.test_disk_api.TestDiskV4Api.test_disk_list_with_select,Shilpa
manageability.v4.disk.test_disk_api.TestDiskV4Api.test_disk_list_with_filter,Shilpa
manageability.v4.disk.test_disk_api.TestDiskV4Api.test_disk_list,Shilpa
manageability.v4.disk.test_disk_api.TestDiskV4Api.test_disk_get_wrong_diskid,Shilpa
manageability.v4.disk.test_disk_api.TestDiskV4Api.test_disk_get_stats_with_start_time_end_time,Shilpa
manageability.v4.disk.test_disk_api.TestDiskV4Api.test_disk_get_stats,Shilpa
manageability.v4.disk.test_disk_api.TestDiskV4Api.test_disk_get,Shilpa
manageability.v4.disk.test_disk_rbac.TestDiskRbacApi.test_disk_list,Shilpa
manageability.v4.disk.test_disk_rbac.TestDiskRbacApi.test_disk_get_stats,Shilpa
manageability.v4.disk.test_disk_rbac.TestDiskRbacApi.test_disk_get,Shilpa
manageability.v4.storage_container.test_sdk_sc_stats.TestContainerStatsV4SDK.test_current_stats,Shilpa
manageability.v4.storage_container.test_sdk_sc_crud.TestContainerV4SDK.test_sc_crud,Shilpa
manageability.v4.rbac.test_container_v4_rbac_api.TestContainerV4Api.test_container_rbac,Shilpa
manageability.v4.storage_container.test_container_lrio.ContainerLRIOTest.test_container_lrio___async_proc_enable,Shilpa
manageability.v4.storage_container.test_container_api.TestContainerV4Api.test_storage_container_vdisk___async_proc_enable,Shilpa
manageability.v4.storage_container.test_container_api.TestContainerV4Api.test_sc_100_crud___async_proc_enable,Shilpa
manageability.v4.storage_container.test_container_api.TestContainerV4Api.test_sc_crud_parallel___async_proc_enable,Shilpa
manageability.v4.storage_container.test_container_api.TestContainerV4Api.test_storage_container_events___async_proc_enable,Shilpa
cdp.stargate.erasure_code.test_ec_mixed_snapshot_io_integrity.ECMixedSnapshotIOIntegrityTest~~~Encryption.test_io_integrity___ft2,Shilpa
cdp.stargate.erasure_code.test_ec_mixed_snapshot_io_integrity.ECMixedSnapshotIOIntegrityTest~~~Encryption.test_ei_io_integrity___ft2,Shilpa
cdp.stargate.erasure_code.test_ec_mixed_snapshot_io_integrity.ECMixedSnapshotIOIntegrityTest.test_ei_io_integrity___ft2,Shilpa
cdp.stargate.erasure_code.test_ec_mixed_io_integrity.ECMixedIOIntegrityTest~~~Inline_EC.test_io_integrity_remove_add_node___ec_off_at_end,Shilpa
cdp.stargate.erasure_code.test_ec_mixed_io_integrity.ECMixedIOIntegrityTest~~~Inline_EC.test_io_integrity_remove_add_node,Shilpa
cdp.stargate.erasure_code.test_ec_mixed_io_integrity.ECMixedIOIntegrityTest~~~Inline_EC.test_io_integrity___ft2,Shilpa
cdp.stargate.erasure_code.test_ec_mixed_io_integrity.ECMixedIOIntegrityTest~~~Inline_EC.test_ei_io_integrity___ft2,Shilpa
cdp.stargate.erasure_code.test_ec_mixed_io_integrity.ECMixedIOIntegrityTest.test_io_integrity_remove_add_node___ec_off_at_end,Shilpa
cdp.stargate.erasure_code.test_ec_mixed_io_integrity.ECMixedIOIntegrityTest.test_io_integrity___ft2,Shilpa
cdp.stargate.erasure_code.test_ec_mixed_io_integrity.ECMixedIOIntegrityTest.test_ei_io_integrity___ft2,Shilpa
cdp.stargate.erasure_code.erasure_recode.test_erasure_recode_io_integrity.ECRecodeIOIntegrityTest~~~Inline_EC.test_io_integrity___node_down,Shilpa
cdp.stargate.erasure_code.erasure_recode.test_erasure_recode_io_integrity.ECRecodeIOIntegrityTest.test_io_integrity___node_down,Shilpa
cdp.stargate.storage_policy.compression.test_sp_compression.TestSPCompression.test_compression___ctr_flipped,Shilpa
mercury.ncc.test_ncc_check.TestNccCheck.test_ncc_fanout_check,Shilpa
cdp.stargate.qos_policy.vm_throttling.test_qos_policy.TestQOSPolicy.test_policy_crud___disk_add_remove_esx,Shilpa
cdp.stargate.qos_policy.vm_throttling.test_qos_policy.TestQOSPolicy.test_policy_advance___snapshot_esx,Shilpa
cdp.stargate.qos_policy.vm_throttling.test_qos_policy.TestQOSPolicy.test_policy_advance___migration_error_injection_esx,Shilpa
cdp.stargate.storage_policy.encryption.test_sp_encryption.TestSPEncryption.test_encryption___stargate_curator_encryption_always_not_on,Shilpa
cdp.stargate.storage_policy.compression.test_sp_compression.TestSPCompression.test_compression___no_cache_stargate_curator,Shilpa
cdp.stargate.storage_policy.api.test_storage_policy.TestStoragePolicy.test_storage_policy___pc_clone_instant,Shilpa
cdp.stargate.storage_policy.encryption.test_sp_encryption.TestSPEncryption.test_encryption___stargate_curator_interOP_legacy,Shilpa
cdp.stargate.storage_policy.api.test_storage_policy.TestStoragePolicy.test_storage_policy___negative_create_update_with_multi_scope_filter_incorrect_entity_filter_incorrect_scope_filter_category_category_value,Shilpa
cdp.stargate.storage_policy.api.test_storage_policy.TestStoragePolicy.test_storage_policy___multiple_policies_on_common_entity_via_multiple_categories,Shilpa
cdp.stargate.dedup.test_on_disk_dedup_enabled.OnDiskDedupEnabledTest.test_dedup_ratio___map3_conversion,Shilpa
manageability.ui.pc.qos.test_qos.QOSTest.test_set_throughput_for_single_vm,Shilpa
manageability.ui.pc.qos.test_qos.QOSTest.test_set_qos_batch_action_with_partial_override,Shilpa
manageability.ui.pc.qos.test_qos.QOSTest.test_set_iops_for_single_vm,Shilpa
manageability.ui.pc.qos.test_qos.QOSTest.test_set_invalid_iops_for_single_vm,Shilpa
manageability.ui.pc.qos.test_qos.QOSTest.test_remove_qos_attribute_for_single_vm,Shilpa
manageability.ui.pc.qos.test_qos.QOSTest.test_remove_qos_attribute_batch_action_with_full_override,Shilpa
manageability.ui.pc.qos.test_qos.QOSTest.test_override_dialog_when_qos_is_set_on_multiple_vms,Shilpa
manageability.ui.pc.qos.test_qos.QOSTest.test_iops_tp_relationship_table_show_details,Shilpa
cdp.stargate.storage_policy.compliance.test_storage_compliance.TestStorageCompliance.test_storage_compliance___with_vg,Shilpa
cdp.stargate.storage_policy.compliance.test_storage_compliance.TestStorageCompliance.test_storage_compliance___update_non_compliance_attr,Shilpa
cdp.stargate.storage_policy.compliance.test_storage_compliance.TestStorageCompliance.test_storage_compliance___rf_invalid_configs,Shilpa
cdp.stargate.storage_policy.compliance.test_storage_compliance.TestStorageCompliance.test_storage_compliance___recovery_point_clone_vm_on_pc,Shilpa
cdp.stargate.storage_policy.compliance.test_storage_compliance.TestStorageCompliance.test_storage_compliance___protection_domain_restore_entities_via_clone,Shilpa
cdp.stargate.storage_policy.compliance.test_storage_compliance.TestStorageCompliance.test_storage_compliance___protection_domain_in_place_restore_entities,Shilpa
cdp.stargate.storage_policy.compliance.test_storage_compliance.TestStorageCompliance.test_storage_compliance___policy_conflict,Shilpa
cdp.stargate.storage_policy.compliance.test_storage_compliance.TestStorageCompliance.test_storage_compliance___encryption,Shilpa
cdp.stargate.storage_policy.compliance.test_storage_compliance.TestStorageCompliance.test_storage_compliance___disk_types,Shilpa
cdp.stargate.storage_policy.compliance.test_storage_compliance.TestStorageCompliance.test_storage_compliance___compression_inline_postProcess,Shilpa
cdp.stargate.erasure_code.aesdb_corrupt.test_erasure_aesdb_corrupt.ErasureAESDBCorrupt.test_erasure_aesdb_corrupt___truncate_manifest_ft2,Shilpa
cdp.stargate.erasure_code.erasure_decode.test_erasure_decode_io_integrity.ErasureDecodeIOIntegrity~~~Inline_EC.test_erasure_decode_io_integrity___ft2,Shilpa
cdp.stargate.erasure_code.erasure_decode.test_erasure_decode_io_integrity.ErasureDecodeIOIntegrity~~~Inline_EC.test_erasure_component_ei_decode_io_integrity___ft2,Shilpa
cdp.stargate.erasure_code.erasure_decode.test_erasure_decode_io_integrity.ErasureDecodeIOIntegrity.test_erasure_decode_io_integrity___ft2,Shilpa
cdp.stargate.erasure_code.erasure_decode.test_erasure_decode_io_integrity.ErasureDecodeIOIntegrity.test_erasure_component_ei_decode_io_integrity___ft2,Shilpa
cdp.stargate.erasure_code.test_erasure_on_off_io_integrity.ErasureOnOffIOIntegrityTest~~~Inline_EC.test_erasure_on_off_io_integrity___ft2,Shilpa
cdp.stargate.erasure_code.test_erasure_on_off_io_integrity.ErasureOnOffIOIntegrityTest~~~Inline_EC.test_erasure_on_off_io_integrity___component_ei_ft2,Shilpa
cdp.stargate.qos_policy.api.test_qos_policy_api.TestQOSPolicyApi.test_storage_qos_individual_policy_vm_creation_batch,Shilpa
cdp.stargate.qos_policy.api.error_injection.test_qos_policy_error_injection.TestQOSPolicyErrorInjection.test_storage_qos_individual_policy_stop_stargate_create_policy,Shilpa
cdp.stargate.erasure_code.test_erasure_on_off_io_integrity.ErasureOnOffIOIntegrityTest.test_erasure_on_off_io_integrity___ft2,Shilpa
cdp.stargate.qos_policy.api.negative.test_qos_policy_negative.TestQOSPolicyNegative.test_qos_policy_individual_throttle_iops_less_than_100,Shilpa
cdp.stargate.erasure_code.test_erasure_on_off_io_integrity.ErasureOnOffIOIntegrityTest.test_erasure_on_off_io_integrity___component_ei_ft2,Shilpa
cdp.stargate.qos_policy.api.test_qos_policy_api.TestQOSPolicyApi.test_storage_qos_individual_policy_update_attr_on_vm___unhosted_vdisk,Shilpa
cdp.stargate.qos_policy.api.negative.test_qos_policy_negative.TestQOSPolicyNegative.test_qos_policy_individual_negative_throttle_limit,Shilpa
cdp.stargate.qos_policy.api.negative.test_qos_policy_negative.TestQOSPolicyNegative.test_qos_policy_individual_float_throttle_limit,Shilpa
cdp.stargate.qos_policy.api.test_qos_policy_api.TestQOSPolicyApi.test_storage_qos_individual_policy_during_vm_creation,Shilpa
cdp.stargate.erasure_code.rf_transition.test_ec_ctr_rf_transition.ECContainerRFChangeIntegrity~~~Inline_EC.test_ec_container_rf_change,Shilpa
cdp.stargate.erasure_code.rf_transition.test_ec_ctr_rf_transition.ECContainerRFChangeIntegrity.test_ec_container_rf_change,Shilpa
cdp.stargate.storage_policy.error_injection.test_ei.TestStoragePolicyErrorInjection.test_storage_policy___update_list_pollux,Shilpa
cdp.stargate.storage_policy.error_injection.test_ei.TestStoragePolicyErrorInjection.test_storage_policy___update_kanon,Shilpa
mercury.grpc_fanout.test_grpc_fanout.TestGRPCFanout.test_fanout_vm_crud___ei_3n,Shilpa
cdp.stargate.storage_policy.encryption.test_sp_encryption.TestSPEncryption.test_encryption___stargate,Shilpa
cdp.stargate.storage_policy.compliance.test_storage_compliance.TestStorageCompliance.test_storage_compliance___throttling,Shilpa
cdp.stargate.storage_policy.encryption.test_sp_encryption.TestSPEncryption.test_encryption___curator,Shilpa
manageability.api.enhanced_pc_rbac.storage_containers.test_rbac_storage_containers.TestRbacStorageContainers.test_rbac_storage_containers,Shilpa
manageability.ui.pc.qos.test_qos.QOSTest.test_toggel_btw_iops_and_throughtput_single_vm,Shilpa
manageability.ui.pc.qos.test_qos.QOSTest.test_set_throughput_for_single_vm___min_limit,Shilpa
manageability.ui.pc.qos.test_qos.QOSTest.test_set_throughput_for_single_vm___max_limit,Shilpa
manageability.ui.pc.qos.test_qos.QOSTest.test_set_throughput_batch_action_with_full_override,Shilpa
manageability.ui.pc.qos.test_qos.QOSTest.test_set_qos_attribute_empty,Shilpa
manageability.ui.pc.qos.test_qos.QOSTest.test_set_iops_for_single_vm___min_limit,Shilpa
manageability.ui.pc.qos.test_qos.QOSTest.test_set_iops_for_single_vm___max_limit,Shilpa
manageability.ui.pc.qos.test_qos.QOSTest.test_set_iops_batch_action_with_full_override,Shilpa
manageability.ui.pc.qos.test_qos.QOSTest.test_remove_qos_attribute_batch_action_with_partial_override,Shilpa
manageability.v4.storage_container.test_sdk_sc_crud.TestContainerV4SDK.test_ctr_clear_reserved_space,Shilpa
manageability.v4.rbac.test_container_v4_rbac_api.TestContainerV4Api.test_ctr_clear_reserved_space_rbac,Shilpa
cdp.hades.disk_operations.test_disk_operations.TestDiskOperations.test_remove_add_disk,Shilpa
cdp.hades.disk_operator_tool.test_disk_operator_binary.TestDiskOperationsBinary.test_disk_operations,Shilpa
cdp.hades.disk_error_parser.test_disk_error_parser.TestDiskErrorParser.test_disk_error_parser,Shilpa
cdp.hades.disk_health_monitor.test_disk_health_monitor.DiskHealthMonitorTest.test_disk_health_monitor,Shilpa
cdp.stargate.mixed_capacity_support.test_mixed_cap.MixedCapacitySupportTest.test_disk_remove_add___lesser_capacity_ssd_capacity_upgrade,Shilpa
cdp.stargate.mixed_capacity_support.test_mixed_cap.MixedCapacitySupportTest.test_disk_remove_add___higher_capacity_ssd,Shilpa
cdp.stargate.mixed_capacity_support.test_mixed_cap.MixedCapacitySupportTest.test_disk_remove_add___higher_capacity_hdd_stop_zookeeper,Shilpa
cdp.stargate.mixed_capacity_support.test_mixed_cap.MixedCapacitySupportTest.test_disk_remove_add___higher_capacity_hdd_rolling_reboot,Shilpa
cdp.stargate.mixed_capacity_support.test_mixed_cap.MixedCapacitySupportTest.test_disk_remove_add___higher_capacity_blockstore_disk,Shilpa
cdp.hades.disk_operations.test_disk_operations_multi_cluster.TestMultiClusterDiskOperations.test_disk_swap_between_clusters,Shilpa
cdp.hades.disk_operations.test_disk_operations.TestDiskOperations.test_remove_add_disk___different_node,Shilpa
cdp.stargate.mixed_capacity_support.test_mixed_cap.MixedCapacitySupportTest.test_disk_remove_add___same_capacity_ssd,Shilpa
cdp.stargate.mixed_capacity_support.test_mixed_cap.MixedCapacitySupportTest.test_disk_remove_add___lesser_capacity_ssd_rma,Shilpa
cdp.stargate.mixed_capacity_support.test_mixed_cap.MixedCapacitySupportTest.test_disk_remove_add___higher_capacity_hdd,Shilpa
cdp.hades.disk_operations.test_disk_operations.TestDiskOperations.test_add_new_disk,Shilpa
cdp.hades.bad_disk_tests.test_bad_disk_on_reboot.HandleBadDiskTest.test_disk_partition_removal,Shilpa
cdp.stargate.erasure_code.erasure_decode.test_erasure_decode_io_integrity.ErasureDecodeIOIntegrity.test_erasure_decode_io_integrity,Shilpa
cdp.stargate.erasure_code.erasure_decode.test_erasure_decode_io_integrity.ErasureDecodeIOIntegrity.test_erasure_component_ei_decode_io_integrity,Shilpa
cdp.stargate.dedup.dedup_snapshot_clone.test_dedup_snapshot_clone.DedupSnapshotCloneTest.test_dedup_saving___snapshot_only_non_overwrite,Shilpa
cdp.stargate.dedup.dedup_snapshot_clone.test_dedup_snapshot_clone.DedupSnapshotCloneTest.test_dedup_saving___snapshot_clone_mix_overwrite,Shilpa
cdp.stargate.erasure_code.power_cycling.test_ec_power_cycle_io_integrity.ECPowerCycleIOIntegrityTest.test_io_integrity_svm_power_cycle___system_crash,Shilpa
cdp.stargate.erasure_code.power_cycling.test_ec_power_cycle_io_integrity.ECPowerCycleIOIntegrityTest.test_io_integrity_svm_power_cycle___mixed,Shilpa
cdp.stargate.erasure_code.power_cycling.test_ec_power_cycle_io_integrity.ECPowerCycleIOIntegrityTest.test_io_integrity_svm_power_cycle,Shilpa
cdp.stargate.erasure_code.power_cycling.test_ec_power_cycle_io_integrity.ECPowerCycleIOIntegrityTest.test_io_integrity_node_power_cycle,Shilpa
cdp.stargate.erasure_code.test_ec_mixed_snapshot_io_integrity.ECMixedSnapshotIOIntegrityTest.test_io_integrity___gflag_ei,Shilpa
cdp.stargate.erasure_code.test_ec_mixed_snapshot_io_integrity.ECMixedSnapshotIOIntegrityTest.test_io_integrity___block_io_integrity,Shilpa
cdp.stargate.erasure_code.test_ec_mixed_snapshot_io_integrity.ECMixedSnapshotIOIntegrityTest.test_io_integrity,Shilpa
cdp.stargate.erasure_code.node_down.test_ec_node_down_integrity.ECNodeDownIntegrityTest.test_ec_node_down_integrity___erasure_one_block_down,Shilpa
cdp.stargate.erasure_code.test_ec_mixed_io_integrity.ECMixedIOIntegrityTest.test_io_integrity,Shilpa
cdp.stargate.erasure_code.disk_operations.test_erasure_disk_remove_add_integrity.ECDiskRemoveAdd.test_disk_remove_add_integrity___remove_primary_curator_disk,Shilpa
cdp.stargate.erasure_code.disk_operations.test_erasure_disk_remove_add_integrity.ECDiskRemoveAdd.test_disk_remove_add_integrity___remove_metadata_disk,Shilpa
cdp.stargate.erasure_code.disk_operations.test_erasure_disk_remove_add_integrity.ECDiskRemoveAdd.test_disk_remove_add_integrity___remove_hdd,Shilpa
cdp.stargate.erasure_code.test_erasure_on_off_io_integrity.ErasureOnOffIOIntegrityTest.test_erasure_on_off_io_integrity,Shilpa
cdp.stargate.erasure_code.test_erasure_on_off_io_integrity.ErasureOnOffIOIntegrityTest.test_erasure_on_off_io_integrity___component_ei,Shilpa
cdp.stargate.dedup.dedup_snapshot_clone.test_dedup_snapshot_clone.DedupSnapshotCloneTest~~~AES.test_dedup_saving___snapshot_clone_mix_non_overwrite,Shilpa
cdp.stargate.dedup.dedup_snapshot_clone.test_dedup_snapshot_clone.DedupSnapshotCloneTest.test_dedup_saving___snapshot_only_overwrite,Shilpa
cdp.stargate.dedup.test_on_disk_dedup_enabled.OnDiskDedupEnabledTest.test_dedup_ratio,Shilpa
cdp.stargate.erasure_code.test_ec_mixed_snapshot_io_integrity.ECMixedSnapshotIOIntegrityTest.test_ei_io_integrity___block_io_integrity,Shilpa
cdp.stargate.erasure_code.test_ec_mixed_snapshot_io_integrity.ECMixedSnapshotIOIntegrityTest.test_ei_io_integrity,Shilpa
cdp.stargate.erasure_code.test_erasure_overwrite_with_checksum_size_toggle.ErasureOverwriteChecksumToggleTest.test_erasure_integrity,Shilpa
cdp.stargate.erasure_code.test_erasure_egroup_ei_mixed_io_integrity.ECEgroupEIMixedIOIntegrityTest.test_io_integrity,Shilpa
cdp.stargate.qos_policy.vm_throttling.test_qos_policy.TestQOSPolicy.test_policy_crud___impact_on_non_throttle_vms,Shilpa
cdp.stargate.qos_policy.vm_throttling.test_qos_policy.TestQOSPolicy.test_policy_crud___reset_policy_during_update,Shilpa
cdp.stargate.qos_policy.vm_throttling.test_qos_policy.TestQOSPolicy.test_policy_crud___disk_add_remove,Shilpa
cdp.stargate.qos_policy.vm_throttling.test_qos_policy.TestQOSPolicy.test_policy_crud___bursty_IO,Shilpa
cdp.stargate.qos_policy.vm_throttling.test_qos_policy.TestQOSPolicy.test_policy_advance___ei_stargate,Shilpa
cdp.stargate.qos_policy.vm_throttling.test_qos_policy.TestQOSPolicy.test_policy_advance___clone,Shilpa
cdp.stargate.qos_policy.vm_throttling.test_qos_policy.TestQOSPolicy.test_policy_advance___migration_error_injection,Shilpa
cdp.stargate.qos_policy.vm_throttling.test_qos_policy.TestQOSPolicy.test_policy_advance,Shilpa
cdp.stargate.storage_policy.rf.test_sp_rf.TestSPRF.test_rf___node_offline_rebuild_disk_balancing_ilm_RF3_SP,Shilpa
cdp.stargate.storage_policy.rf.test_sp_rf.TestSPRF.test_rf___node_offline_rebuild_disk_balancing_ilm_RF2_SP,Shilpa
cdp.stargate.storage_policy.rf.test_sp_rf.TestSPRF.test_rf___RF,Shilpa
mercury.s3m.test_s3m_pc.TestSessionManagementPC.test_session_load_balancing___ei_idf,Shilpa
mercury.s3m.test_s3m_pc.TestSessionManagementPC.test_session_load_balancing___ei_ikat_proxy,Shilpa
mercury.s3m.test_s3m_pc.TestSessionManagementPC.test_session_load_balancing___ei_mercury,Shilpa
mercury.s3m.test_s3m_pc.TestSessionManagementPC.test_session_load_balancing,Shilpa
cdp.zookeeper.zookeeper_containerization.test_zookeeper_containerization.ZookeeperContainerization.test_zookeeper_pods_smsp_ops,Shilpa
mercury.s3m.test_s3m_pc.TestSessionManagementPC.test_session_invalidation,Shilpa
mercury.s3m.test_s3m_pc.TestSessionManagementPC.test_pc_iamv2_cookie_management,Shilpa
mercury.s3m.test_s3m_pc.TestSessionManagementPC.test_idf_down_api_response_max_sessions,Shilpa
cdp.hades.disk_api_tests.test_disk_v4_api.TestDiskV4API.test_random_api_when_node_is_down,Shilpa
cdp.hades.disk_api_tests.test_disk_v4_api.TestDiskV4API.test_add_old_disk_to_zeus_api_when_disk_is_hotplugged,Shilpa
cdp.hades.disk_api_tests.test_disk_v4_api.TestDiskV4API.test_add_old_disk_to_zeus_api,Shilpa
cdp.stargate.licensing.test_cdp_licensing.LicensingTest~~~Day60.test_licensing,Shilpa
cdp.hades.disk_api_tests.test_disk_v4_api.TestDiskV4API.test_led_api,Shilpa
cdp.stargate.licensing.test_cdp_licensing.LicensingTest~~~Day0.test_licensing,Shilpa
cdp.stargate.qos_policy.api.test_qos_policy_api.TestQOSPolicyApi.test_storage_qos_on_nutanix_vms___pcvm,Shilpa
manageability.ui.pc.storage_policy.test_storage_policy.StoragePolicy.test_dsp,Shilpa
cdp.stargate.erasure_code.aesdb_corrupt.test_erasure_aesdb_corrupt.ErasureAESDBCorrupt.test_erasure_aesdb_corrupt___corrupt_sstable_block_curator_test,Shilpa
cdp.stargate.dedup_compression.test_io_integrity_dedup_compression_snapshot.DedupCompressionSnapshotIOIntegrityTest~~~Encryption.test_io_integrity___dedup_compression,Shilpa
cdp.stargate.erasure_code.vmotion.test_ec_vmotion.ECVmotionIOIntegrityTest~~~Inline_EC.test_io_integrity,Shilpa
cdp.stargate.erasure_code.node_down.test_ec_node_down_integrity.ECNodeDownIntegrityTest.test_ec_node_down_integrity,Shilpa
manageability.ui.pc.storage_policy.test_storage_policy.StoragePolicy.test_sp_config_on_vm_list_and_instance_page,Shilpa
manageability.ui.pc.storage_policy.test_storage_policy.StoragePolicy.test_sorting_filtering_on_list_view,Shilpa
manageability.ui.pc.storage_policy.test_storage_policy.StoragePolicy.test_storage_object_view_cud,Shilpa
manageability.ui.pc.storage_policy.test_storage_policy.StoragePolicy.test_create_error_messages,Shilpa
manageability.ui.pc.storage_policy.test_storage_policy.StoragePolicy.test_create_modal_popup_element,Shilpa
manageability.ui.pc.storage_policy.test_storage_policy.StoragePolicy.test_crud_on_storage_policy,Shilpa
cdp.stargate.erasure_code.vmotion.test_ec_vmotion.ECVmotionIOIntegrityTest~~~Inline_EC.test_io_integrity_snapshot,Shilpa
cdp.stargate.erasure_code.vmotion.test_ec_vmotion.ECVmotionIOIntegrityTest.test_io_integrity_snapshot,Shilpa
cdp.stargate.erasure_code.vmotion.test_ec_vmotion.ECVmotionIOIntegrityTest.test_io_integrity,Shilpa
cdp.hades.disk_health_monitor.test_disk_health_monitor.DiskHealthMonitorTest.test_disk_health_monitor___nvme,Shilpa
manageability.ui.pc.storage_policy.test_storage_policy.StoragePolicy~~~compliance.test_policy_instance_page,Shilpa
manageability.ui.pc.storage_policy.test_storage_policy.StoragePolicy~~~compliance.test_compliance_page,Shilpa
cdp.hades.nvme_serviceability.test_nvme_serviceability.TestNvmeServiceability.test_disk_add_partially_populated_node,Shilpa
cdp.external_storage.stargate.test_external_storage_vg_disk_ops.TestExternalStorageVgDiskOps~~~PureStorage,Sudharshan
cdp.external_storage.stargate.test_external_storage_vg_clone_abs_io_integrity.ExternalStorageABSVGCloneTest~~~PureStorage,Sudharshan
cdp.external_storage.v4.test_external_storage_v4_api.TestExternalStorageV4Api,Shilpa
manageability.ui.pc.external_storage.test_external_storage.TestExternalStorage~~~DellPowerStore,Suryaprabha
cdp.external_storage.test_external_storage_smokes.TestExternalStorageSmokes~~~purestorage.test_smokes___scale_IOint_snapshot_restore_and_upgrade,Shilpa
manageability.ui.pc.external_storage.test_external_storage.TestExternalStorage~~~PureStorage,Suryaprabha
manageability.ui.pc.external_storage.test_external_storage.TestExternalStorage~~~PureStorage,Suryaprabha
manageability.ui.pc.external_storage.test_external_storage.TestExternalStorage~~~DellPowerFlex,Suryaprabha
manageability.ui.pc.external_storage.test_external_storage.TestExternalStorage~~~DellPowerFlex,Suryaprabha
cdp.external_storage.test_external_storage_smokes.TestExternalStorageSmokes~~~purestorage,Shilpa
cdp.external_storage.stargate.scalability.test_external_storage_scale.TestExternalStorageScale~~~PureStorage,Shilpa
cdp.external_storage.stargate.scalability.test_external_storage_scale.TestExternalStorageScale~~~PureStorage,Shilpa
cdp.external_storage.stargate.scalability.test_external_storage_scale.TestExternalStorageScale~~~PureStorage,Shilpa
cdp.external_storage.stargate.scalability.test_external_storage_scale.TestExternalStorageScale~~~PureStorage,Shilpa
cdp.external_storage.stargate.scalability.test_external_storage_scale.TestExternalStorageScale~~~PureStorage,Shilpa
cdp.stargate.tilting.test_merged_vblocks.MergedVblockTests,Sudharshan
cdp.stargate.tilting.test_merged_vblocks.MergedVblockTests,Sudharshan
cdp.stargate.tilting.test_merged_vblocks.MergedVblockTests,Sudharshan
cdp.cluster_management.stats.test_v4_infra_cluster_stats,Suryaprabha